-- phpMyAdmin SQL Dump
-- version 4.8.2
-- https://www.phpmyadmin.net/
--
-- Host: 127.0.0.1
-- Generation Time: Mar 06, 2020 at 01:30 PM
-- Server version: 10.1.34-MariaDB
-- PHP Version: 7.2.7

SET SQL_MODE = "NO_AUTO_VALUE_ON_ZERO";
SET AUTOCOMMIT = 0;
START TRANSACTION;
SET time_zone = "+00:00";


/*!40101 SET @OLD_CHARACTER_SET_CLIENT=@@CHARACTER_SET_CLIENT */;
/*!40101 SET @OLD_CHARACTER_SET_RESULTS=@@CHARACTER_SET_RESULTS */;
/*!40101 SET @OLD_COLLATION_CONNECTION=@@COLLATION_CONNECTION */;
/*!40101 SET NAMES utf8mb4 */;

--
-- Database: `devhomes`
--

-- --------------------------------------------------------

--
-- Table structure for table `states`
--

CREATE TABLE `states` (
  `id` int(11) NOT NULL,
  `statename` varchar(100) NOT NULL,
  `status` tinyint(4) DEFAULT '1',
  `createdat` timestamp NOT NULL DEFAULT CURRENT_TIMESTAMP,
  `updatedat` timestamp NULL DEFAULT CURRENT_TIMESTAMP ON UPDATE CURRENT_TIMESTAMP,
  `deletedat` timestamp NULL DEFAULT NULL,
  `isdeleted` tinyint(1) NOT NULL DEFAULT '0'
) ENGINE=InnoDB DEFAULT CHARSET=latin1;

--
-- Dumping data for table `states`
--

INSERT INTO `states` (`id`, `statename`, `status`, `createdat`, `updatedat`, `deletedat`, `isdeleted`) VALUES
(1, 'Abia State', 1, '2017-10-06 09:49:50', '2019-06-22 01:29:45', '0000-00-00 00:00:00', 0),
(2, 'Adamawa State', 1, '2017-10-06 09:49:50', NULL, '0000-00-00 00:00:00', 0),
(3, 'Akwa Ibom State', 1, '2017-10-06 09:49:50', NULL, '0000-00-00 00:00:00', 0),
(4, 'Anambra State', 1, '2017-10-06 09:49:50', NULL, '0000-00-00 00:00:00', 0),
(5, 'Bauchi State', 1, '2017-10-06 09:49:50', NULL, '0000-00-00 00:00:00', 0),
(6, 'Bayelsa State', 1, '2017-10-06 09:49:50', NULL, '0000-00-00 00:00:00', 0),
(7, 'Benue State', 1, '2017-10-06 09:49:50', NULL, '0000-00-00 00:00:00', 0),
(8, 'Borno State', 1, '2017-10-06 09:49:50', NULL, '0000-00-00 00:00:00', 0),
(9, 'Cross River State', 1, '2017-10-06 09:49:50', NULL, '0000-00-00 00:00:00', 0),
(10, 'Delta State', 1, '2017-10-06 09:49:50', NULL, '0000-00-00 00:00:00', 0),
(11, 'Ebonyi State', 1, '2017-10-06 09:49:50', NULL, '0000-00-00 00:00:00', 0),
(12, 'Edo State', 1, '2017-10-06 09:49:50', NULL, '0000-00-00 00:00:00', 0),
(13, 'Ekiti State', 1, '2017-10-06 09:49:50', NULL, '0000-00-00 00:00:00', 0),
(14, 'Enugu State', 1, '2017-10-06 09:49:50', NULL, '0000-00-00 00:00:00', 0),
(15, 'FCT', 1, '2017-10-06 09:49:50', NULL, '0000-00-00 00:00:00', 0),
(16, 'Gombe State', 1, '2017-10-06 09:49:50', NULL, '0000-00-00 00:00:00', 0),
(17, 'Imo State', 1, '2017-10-06 09:49:50', NULL, '0000-00-00 00:00:00', 0),
(18, 'Jigawa State', 1, '2017-10-06 09:49:50', NULL, '0000-00-00 00:00:00', 0),
(19, 'Kaduna State', 1, '2017-10-06 09:49:50', NULL, '0000-00-00 00:00:00', 0),
(20, 'Kano State', 1, '2017-10-06 09:49:50', NULL, '0000-00-00 00:00:00', 0),
(21, 'Katsina State', 1, '2017-10-06 09:49:50', NULL, '0000-00-00 00:00:00', 0),
(22, 'Kebbi State', 1, '2017-10-06 09:49:50', NULL, '0000-00-00 00:00:00', 0),
(23, 'Kogi State', 1, '2017-10-06 09:49:50', NULL, '0000-00-00 00:00:00', 0),
(24, 'Kwara State', 1, '2017-10-06 09:49:50', NULL, '0000-00-00 00:00:00', 0),
(25, 'Lagos State', 1, '2017-10-06 09:49:50', NULL, '0000-00-00 00:00:00', 0),
(26, 'Nasarawa State', 1, '2017-10-06 09:49:50', NULL, '0000-00-00 00:00:00', 0),
(27, 'Niger State', 1, '2017-10-06 09:49:50', NULL, '0000-00-00 00:00:00', 0),
(28, 'Ogun State', 1, '2017-10-06 09:49:50', NULL, '0000-00-00 00:00:00', 0),
(29, 'Ondo State', 1, '2017-10-06 09:49:50', NULL, '0000-00-00 00:00:00', 0),
(30, 'Osun State', 1, '2017-10-06 09:49:50', NULL, '0000-00-00 00:00:00', 0),
(31, 'Oyo State', 1, '2017-10-06 09:49:50', NULL, '0000-00-00 00:00:00', 0),
(32, 'Plateau State', 1, '2017-10-06 09:49:50', NULL, '0000-00-00 00:00:00', 0),
(33, 'Rivers State', 1, '2017-10-06 09:49:50', NULL, '0000-00-00 00:00:00', 0),
(34, 'Sokoto State', 1, '2017-10-06 09:49:50', NULL, '0000-00-00 00:00:00', 0),
(35, 'Taraba State', 1, '2017-10-06 09:49:50', NULL, '0000-00-00 00:00:00', 0),
(36, 'Yobe State', 1, '2017-10-06 09:49:50', NULL, '0000-00-00 00:00:00', 0),
(37, 'Zamfara State', 1, '2017-10-06 09:49:50', NULL, '0000-00-00 00:00:00', 0);

-- --------------------------------------------------------

--
-- Table structure for table `state_cities`
--

CREATE TABLE `state_cities` (
  `id` int(11) NOT NULL,
  `cityname` varchar(100) NOT NULL,
  `stateid` int(11) NOT NULL,
  `status` tinyint(4) DEFAULT '1',
  `createdat` timestamp NOT NULL DEFAULT CURRENT_TIMESTAMP,
  `updatedat` timestamp NULL DEFAULT NULL,
  `deletedat` timestamp NULL DEFAULT NULL,
  `isdeleted` tinyint(1) NOT NULL DEFAULT '0'
) ENGINE=InnoDB DEFAULT CHARSET=latin1;

--
-- Dumping data for table `state_cities`
--

INSERT INTO `state_cities` (`id`, `cityname`, `stateid`, `status`, `createdat`, `updatedat`, `deletedat`, `isdeleted`) VALUES
(1, 'Aba South', 1, 1, '2017-10-06 09:45:59', NULL, '0000-00-00 00:00:00', 0),
(2, 'Arochukwu', 1, 1, '2017-10-06 09:45:59', NULL, '0000-00-00 00:00:00', 0),
(3, 'Bende', 1, 1, '2017-10-06 09:45:59', NULL, '0000-00-00 00:00:00', 0),
(4, 'Ikwuano', 1, 1, '2017-10-06 09:45:59', NULL, '0000-00-00 00:00:00', 0),
(5, 'Isiala Ngwa North', 1, 1, '2017-10-06 09:45:59', NULL, '0000-00-00 00:00:00', 0),
(6, 'Isiala Ngwa South', 1, 1, '2017-10-06 09:45:59', NULL, '0000-00-00 00:00:00', 0),
(7, 'Isuikwuato', 1, 1, '2017-10-06 09:45:59', NULL, '0000-00-00 00:00:00', 0),
(8, 'Obi Ngwa', 1, 1, '2017-10-06 09:45:59', NULL, '0000-00-00 00:00:00', 0),
(9, 'Ohafia', 1, 1, '2017-10-06 09:45:59', NULL, '0000-00-00 00:00:00', 0),
(10, 'Osisioma', 1, 1, '2017-10-06 09:45:59', NULL, '0000-00-00 00:00:00', 0),
(11, 'Ugwunagbo', 1, 1, '2017-10-06 09:45:59', NULL, '0000-00-00 00:00:00', 0),
(12, 'Ukwa East', 1, 1, '2017-10-06 09:45:59', NULL, '0000-00-00 00:00:00', 0),
(13, 'Ukwa West', 1, 1, '2017-10-06 09:45:59', NULL, '0000-00-00 00:00:00', 0),
(14, 'Umuahia North', 1, 1, '2017-10-06 09:45:59', NULL, '0000-00-00 00:00:00', 0),
(15, 'Umuahia South', 1, 1, '2017-10-06 09:45:59', NULL, '0000-00-00 00:00:00', 0),
(16, 'Umu Nneochi', 1, 1, '2017-10-06 09:45:59', NULL, '0000-00-00 00:00:00', 0),
(17, 'Fufure', 2, 1, '2017-10-06 09:45:59', NULL, '0000-00-00 00:00:00', 0),
(18, 'Ganye', 2, 1, '2017-10-06 09:45:59', NULL, '0000-00-00 00:00:00', 0),
(19, 'Gayuk', 2, 1, '2017-10-06 09:45:59', NULL, '0000-00-00 00:00:00', 0),
(20, 'Gombi', 2, 1, '2017-10-06 09:45:59', NULL, '0000-00-00 00:00:00', 0),
(21, 'Grie', 2, 1, '2017-10-06 09:45:59', NULL, '0000-00-00 00:00:00', 0),
(22, 'Hong', 2, 1, '2017-10-06 09:45:59', NULL, '0000-00-00 00:00:00', 0),
(23, 'Jada', 2, 1, '2017-10-06 09:45:59', NULL, '0000-00-00 00:00:00', 0),
(24, 'Lamurde', 2, 1, '2017-10-06 09:45:59', NULL, '0000-00-00 00:00:00', 0),
(25, 'Madagali', 2, 1, '2017-10-06 09:45:59', NULL, '0000-00-00 00:00:00', 0),
(26, 'Maiha', 2, 1, '2017-10-06 09:45:59', NULL, '0000-00-00 00:00:00', 0),
(27, 'Mayo Belwa', 2, 1, '2017-10-06 09:45:59', NULL, '0000-00-00 00:00:00', 0),
(28, 'Michika', 2, 1, '2017-10-06 09:45:59', NULL, '0000-00-00 00:00:00', 0),
(29, 'Mubi North', 2, 1, '2017-10-06 09:45:59', NULL, '0000-00-00 00:00:00', 0),
(30, 'Mubi South', 2, 1, '2017-10-06 09:45:59', NULL, '0000-00-00 00:00:00', 0),
(31, 'Numan', 2, 1, '2017-10-06 09:45:59', NULL, '0000-00-00 00:00:00', 0),
(32, 'Shelleng', 2, 1, '2017-10-06 09:45:59', NULL, '0000-00-00 00:00:00', 0),
(33, 'Song', 2, 1, '2017-10-06 09:45:59', NULL, '0000-00-00 00:00:00', 0),
(34, 'Toungo', 2, 1, '2017-10-06 09:45:59', NULL, '0000-00-00 00:00:00', 0),
(35, 'Yola North', 2, 1, '2017-10-06 09:45:59', NULL, '0000-00-00 00:00:00', 0),
(36, 'Yola South', 2, 1, '2017-10-06 09:45:59', NULL, '0000-00-00 00:00:00', 0),
(37, 'Eastern Obolo', 3, 1, '2017-10-06 09:45:59', NULL, '0000-00-00 00:00:00', 0),
(38, 'Eket', 3, 1, '2017-10-06 09:45:59', NULL, '0000-00-00 00:00:00', 0),
(39, 'Esit Eket', 3, 1, '2017-10-06 09:45:59', NULL, '0000-00-00 00:00:00', 0),
(40, 'Essien Udim', 3, 1, '2017-10-06 09:45:59', NULL, '0000-00-00 00:00:00', 0),
(41, 'Etim Ekpo', 3, 1, '2017-10-06 09:45:59', NULL, '0000-00-00 00:00:00', 0),
(42, 'Etinan', 3, 1, '2017-10-06 09:45:59', NULL, '0000-00-00 00:00:00', 0),
(43, 'Ibeno', 3, 1, '2017-10-06 09:45:59', NULL, '0000-00-00 00:00:00', 0),
(44, 'Ibesikpo Asutan', 3, 1, '2017-10-06 09:45:59', NULL, '0000-00-00 00:00:00', 0),
(45, 'Ibiono-Ibom', 3, 1, '2017-10-06 09:45:59', NULL, '0000-00-00 00:00:00', 0),
(46, 'Ika', 3, 1, '2017-10-06 09:45:59', NULL, '0000-00-00 00:00:00', 0),
(47, 'Ikono', 3, 1, '2017-10-06 09:45:59', NULL, '0000-00-00 00:00:00', 0),
(48, 'Ikot Abasi', 3, 1, '2017-10-06 09:45:59', NULL, '0000-00-00 00:00:00', 0),
(49, 'Ikot Ekpene', 3, 1, '2017-10-06 09:45:59', NULL, '0000-00-00 00:00:00', 0),
(50, 'Ini', 3, 1, '2017-10-06 09:45:59', NULL, '0000-00-00 00:00:00', 0),
(51, 'Itu', 3, 1, '2017-10-06 09:45:59', NULL, '0000-00-00 00:00:00', 0),
(52, 'Mbo', 3, 1, '2017-10-06 09:45:59', NULL, '0000-00-00 00:00:00', 0),
(53, 'Mkpat-Enin', 3, 1, '2017-10-06 09:45:59', NULL, '0000-00-00 00:00:00', 0),
(54, 'Nsit-Atai', 3, 1, '2017-10-06 09:45:59', NULL, '0000-00-00 00:00:00', 0),
(55, 'Nsit-Ibom', 3, 1, '2017-10-06 09:45:59', NULL, '0000-00-00 00:00:00', 0),
(56, 'Nsit-Ubium', 3, 1, '2017-10-06 09:45:59', NULL, '0000-00-00 00:00:00', 0),
(57, 'Obot Akara', 3, 1, '2017-10-06 09:45:59', NULL, '0000-00-00 00:00:00', 0),
(58, 'Okobo', 3, 1, '2017-10-06 09:45:59', NULL, '0000-00-00 00:00:00', 0),
(59, 'Onna', 3, 1, '2017-10-06 09:45:59', NULL, '0000-00-00 00:00:00', 0),
(60, 'Oron', 3, 1, '2017-10-06 09:45:59', NULL, '0000-00-00 00:00:00', 0),
(61, 'Oruk Anam', 3, 1, '2017-10-06 09:45:59', NULL, '0000-00-00 00:00:00', 0),
(62, 'Udung-Uko', 3, 1, '2017-10-06 09:45:59', NULL, '0000-00-00 00:00:00', 0),
(63, 'Ukanafun', 3, 1, '2017-10-06 09:45:59', NULL, '0000-00-00 00:00:00', 0),
(64, 'Uruan', 3, 1, '2017-10-06 09:45:59', NULL, '0000-00-00 00:00:00', 0),
(65, 'Urue-Offong/Oruko', 3, 1, '2017-10-06 09:45:59', NULL, '0000-00-00 00:00:00', 0),
(66, 'Uyo', 3, 1, '2017-10-06 09:45:59', NULL, '0000-00-00 00:00:00', 0),
(67, 'Anambra East', 4, 1, '2017-10-06 09:45:59', NULL, '0000-00-00 00:00:00', 0),
(68, 'Anambra West', 4, 1, '2017-10-06 09:45:59', NULL, '0000-00-00 00:00:00', 0),
(69, 'Anaocha', 4, 1, '2017-10-06 09:45:59', NULL, '0000-00-00 00:00:00', 0),
(70, 'Awka North', 4, 1, '2017-10-06 09:45:59', NULL, '0000-00-00 00:00:00', 0),
(71, 'Awka South', 4, 1, '2017-10-06 09:45:59', NULL, '0000-00-00 00:00:00', 0),
(72, 'Ayamelum', 4, 1, '2017-10-06 09:45:59', NULL, '0000-00-00 00:00:00', 0),
(73, 'Dunukofia', 4, 1, '2017-10-06 09:45:59', NULL, '0000-00-00 00:00:00', 0),
(74, 'Ekwusigo', 4, 1, '2017-10-06 09:45:59', NULL, '0000-00-00 00:00:00', 0),
(75, 'Idemili North', 4, 1, '2017-10-06 09:45:59', NULL, '0000-00-00 00:00:00', 0),
(76, 'Idemili South', 4, 1, '2017-10-06 09:45:59', NULL, '0000-00-00 00:00:00', 0),
(77, 'Ihiala', 4, 1, '2017-10-06 09:45:59', NULL, '0000-00-00 00:00:00', 0),
(78, 'Njikoka', 4, 1, '2017-10-06 09:45:59', NULL, '0000-00-00 00:00:00', 0),
(79, 'Nnewi North', 4, 1, '2017-10-06 09:45:59', NULL, '0000-00-00 00:00:00', 0),
(80, 'Nnewi South', 4, 1, '2017-10-06 09:45:59', NULL, '0000-00-00 00:00:00', 0),
(81, 'Ogbaru', 4, 1, '2017-10-06 09:45:59', NULL, '0000-00-00 00:00:00', 0),
(82, 'Onitsha North', 4, 1, '2017-10-06 09:45:59', NULL, '0000-00-00 00:00:00', 0),
(83, 'Onitsha South', 4, 1, '2017-10-06 09:45:59', NULL, '0000-00-00 00:00:00', 0),
(84, 'Orumba North', 4, 1, '2017-10-06 09:45:59', NULL, '0000-00-00 00:00:00', 0),
(85, 'Orumba South', 4, 1, '2017-10-06 09:45:59', NULL, '0000-00-00 00:00:00', 0),
(86, 'Oyi', 4, 1, '2017-10-06 09:45:59', NULL, '0000-00-00 00:00:00', 0),
(87, 'Bauchi', 5, 1, '2017-10-06 09:45:59', NULL, '0000-00-00 00:00:00', 0),
(88, 'Bogoro', 5, 1, '2017-10-06 09:45:59', NULL, '0000-00-00 00:00:00', 0),
(89, 'Damban', 5, 1, '2017-10-06 09:45:59', NULL, '0000-00-00 00:00:00', 0),
(90, 'Darazo', 5, 1, '2017-10-06 09:45:59', NULL, '0000-00-00 00:00:00', 0),
(91, 'Dass', 5, 1, '2017-10-06 09:45:59', NULL, '0000-00-00 00:00:00', 0),
(92, 'Gamawa', 5, 1, '2017-10-06 09:45:59', NULL, '0000-00-00 00:00:00', 0),
(93, 'Ganjuwa', 5, 1, '2017-10-06 09:45:59', NULL, '0000-00-00 00:00:00', 0),
(94, 'Giade', 5, 1, '2017-10-06 09:45:59', NULL, '0000-00-00 00:00:00', 0),
(95, 'Itas/Gadau', 5, 1, '2017-10-06 09:45:59', NULL, '0000-00-00 00:00:00', 0),
(96, 'Jama\'are', 5, 1, '2017-10-06 09:45:59', NULL, '0000-00-00 00:00:00', 0),
(97, 'Katagum', 5, 1, '2017-10-06 09:45:59', NULL, '0000-00-00 00:00:00', 0),
(98, 'Kirfi', 5, 1, '2017-10-06 09:45:59', NULL, '0000-00-00 00:00:00', 0),
(99, 'Misau', 5, 1, '2017-10-06 09:45:59', NULL, '0000-00-00 00:00:00', 0),
(100, 'Ningi', 5, 1, '2017-10-06 09:45:59', NULL, '0000-00-00 00:00:00', 0),
(101, 'Shira', 5, 1, '2017-10-06 09:45:59', NULL, '0000-00-00 00:00:00', 0),
(102, 'Tafawa Balewa', 5, 1, '2017-10-06 09:45:59', NULL, '0000-00-00 00:00:00', 0),
(103, 'Toro', 5, 1, '2017-10-06 09:45:59', NULL, '0000-00-00 00:00:00', 0),
(104, 'Warji', 5, 1, '2017-10-06 09:45:59', NULL, '0000-00-00 00:00:00', 0),
(105, 'Zaki', 5, 1, '2017-10-06 09:45:59', NULL, '0000-00-00 00:00:00', 0),
(106, 'Ekeremor', 6, 1, '2017-10-06 09:45:59', NULL, '0000-00-00 00:00:00', 0),
(107, 'Kolokuma/Opokuma', 6, 1, '2017-10-06 09:45:59', NULL, '0000-00-00 00:00:00', 0),
(108, 'Nembe', 6, 1, '2017-10-06 09:45:59', NULL, '0000-00-00 00:00:00', 0),
(109, 'Ogbia', 6, 1, '2017-10-06 09:45:59', NULL, '0000-00-00 00:00:00', 0),
(110, 'Sagbama', 6, 1, '2017-10-06 09:45:59', NULL, '0000-00-00 00:00:00', 0),
(111, 'Southern Ijaw', 6, 1, '2017-10-06 09:45:59', NULL, '0000-00-00 00:00:00', 0),
(112, 'Yenagoa', 6, 1, '2017-10-06 09:45:59', NULL, '0000-00-00 00:00:00', 0),
(113, 'Apa', 7, 1, '2017-10-06 09:45:59', NULL, '0000-00-00 00:00:00', 0),
(114, 'Ado', 7, 1, '2017-10-06 09:45:59', NULL, '0000-00-00 00:00:00', 0),
(115, 'Buruku', 7, 1, '2017-10-06 09:45:59', NULL, '0000-00-00 00:00:00', 0),
(116, 'Gboko', 7, 1, '2017-10-06 09:45:59', NULL, '0000-00-00 00:00:00', 0),
(117, 'Guma', 7, 1, '2017-10-06 09:45:59', NULL, '0000-00-00 00:00:00', 0),
(118, 'Gwer East', 7, 1, '2017-10-06 09:45:59', NULL, '0000-00-00 00:00:00', 0),
(119, 'Gwer West', 7, 1, '2017-10-06 09:45:59', NULL, '0000-00-00 00:00:00', 0),
(120, 'Katsina-Ala', 7, 1, '2017-10-06 09:45:59', NULL, '0000-00-00 00:00:00', 0),
(121, 'Konshisha', 7, 1, '2017-10-06 09:45:59', NULL, '0000-00-00 00:00:00', 0),
(122, 'Kwande', 7, 1, '2017-10-06 09:45:59', NULL, '0000-00-00 00:00:00', 0),
(123, 'Logo', 7, 1, '2017-10-06 09:45:59', NULL, '0000-00-00 00:00:00', 0),
(124, 'Makurdi', 7, 1, '2017-10-06 09:45:59', NULL, '0000-00-00 00:00:00', 0),
(125, 'Obi', 7, 1, '2017-10-06 09:45:59', NULL, '0000-00-00 00:00:00', 0),
(126, 'Ogbadibo', 7, 1, '2017-10-06 09:45:59', NULL, '0000-00-00 00:00:00', 0),
(127, 'Ohimini', 7, 1, '2017-10-06 09:45:59', NULL, '0000-00-00 00:00:00', 0),
(128, 'Oju', 7, 1, '2017-10-06 09:45:59', NULL, '0000-00-00 00:00:00', 0),
(129, 'Okpokwu', 7, 1, '2017-10-06 09:45:59', NULL, '0000-00-00 00:00:00', 0),
(130, 'Oturkpo', 7, 1, '2017-10-06 09:45:59', NULL, '0000-00-00 00:00:00', 0),
(131, 'Tarka', 7, 1, '2017-10-06 09:45:59', NULL, '0000-00-00 00:00:00', 0),
(132, 'Ukum', 7, 1, '2017-10-06 09:45:59', NULL, '0000-00-00 00:00:00', 0),
(133, 'Ushongo', 7, 1, '2017-10-06 09:45:59', NULL, '0000-00-00 00:00:00', 0),
(134, 'Vandeikya', 7, 1, '2017-10-06 09:45:59', NULL, '0000-00-00 00:00:00', 0),
(135, 'Askira/Uba', 8, 1, '2017-10-06 09:45:59', NULL, '0000-00-00 00:00:00', 0),
(136, 'Bama', 8, 1, '2017-10-06 09:45:59', NULL, '0000-00-00 00:00:00', 0),
(137, 'Bayo', 8, 1, '2017-10-06 09:45:59', NULL, '0000-00-00 00:00:00', 0),
(138, 'Biu', 8, 1, '2017-10-06 09:45:59', NULL, '0000-00-00 00:00:00', 0),
(139, 'Chibok', 8, 1, '2017-10-06 09:45:59', NULL, '0000-00-00 00:00:00', 0),
(140, 'Damboa', 8, 1, '2017-10-06 09:45:59', NULL, '0000-00-00 00:00:00', 0),
(141, 'Dikwa', 8, 1, '2017-10-06 09:45:59', NULL, '0000-00-00 00:00:00', 0),
(142, 'Gubio', 8, 1, '2017-10-06 09:45:59', NULL, '0000-00-00 00:00:00', 0),
(143, 'Guzamala', 8, 1, '2017-10-06 09:45:59', NULL, '0000-00-00 00:00:00', 0),
(144, 'Gwoza', 8, 1, '2017-10-06 09:45:59', NULL, '0000-00-00 00:00:00', 0),
(145, 'Hawul', 8, 1, '2017-10-06 09:45:59', NULL, '0000-00-00 00:00:00', 0),
(146, 'Jere', 8, 1, '2017-10-06 09:45:59', NULL, '0000-00-00 00:00:00', 0),
(147, 'Kaga', 8, 1, '2017-10-06 09:45:59', NULL, '0000-00-00 00:00:00', 0),
(148, 'Kala/Balge', 8, 1, '2017-10-06 09:45:59', NULL, '0000-00-00 00:00:00', 0),
(149, 'Konduga', 8, 1, '2017-10-06 09:45:59', NULL, '0000-00-00 00:00:00', 0),
(150, 'Kukawa', 8, 1, '2017-10-06 09:45:59', NULL, '0000-00-00 00:00:00', 0),
(151, 'Kwaya Kusar', 8, 1, '2017-10-06 09:45:59', NULL, '0000-00-00 00:00:00', 0),
(152, 'Mafa', 8, 1, '2017-10-06 09:45:59', NULL, '0000-00-00 00:00:00', 0),
(153, 'Magumeri', 8, 1, '2017-10-06 09:45:59', NULL, '0000-00-00 00:00:00', 0),
(154, 'Maiduguri', 8, 1, '2017-10-06 09:45:59', NULL, '0000-00-00 00:00:00', 0),
(155, 'Marte', 8, 1, '2017-10-06 09:45:59', NULL, '0000-00-00 00:00:00', 0),
(156, 'Mobbar', 8, 1, '2017-10-06 09:45:59', NULL, '0000-00-00 00:00:00', 0),
(157, 'Monguno', 8, 1, '2017-10-06 09:45:59', NULL, '0000-00-00 00:00:00', 0),
(158, 'Ngala', 8, 1, '2017-10-06 09:45:59', NULL, '0000-00-00 00:00:00', 0),
(159, 'Nganzai', 8, 1, '2017-10-06 09:45:59', NULL, '0000-00-00 00:00:00', 0),
(160, 'Shani', 8, 1, '2017-10-06 09:45:59', NULL, '0000-00-00 00:00:00', 0),
(161, 'Akamkpa', 9, 1, '2017-10-06 09:45:59', NULL, '0000-00-00 00:00:00', 0),
(162, 'Akpabuyo', 9, 1, '2017-10-06 09:45:59', NULL, '0000-00-00 00:00:00', 0),
(163, 'Bakassi', 9, 1, '2017-10-06 09:45:59', NULL, '0000-00-00 00:00:00', 0),
(164, 'Bekwarra', 9, 1, '2017-10-06 09:45:59', NULL, '0000-00-00 00:00:00', 0),
(165, 'Biase', 9, 1, '2017-10-06 09:45:59', NULL, '0000-00-00 00:00:00', 0),
(166, 'Boki', 9, 1, '2017-10-06 09:45:59', NULL, '0000-00-00 00:00:00', 0),
(167, 'Calabar Municipal', 9, 1, '2017-10-06 09:45:59', NULL, '0000-00-00 00:00:00', 0),
(168, 'Calabar South', 9, 1, '2017-10-06 09:45:59', NULL, '0000-00-00 00:00:00', 0),
(169, 'Etung', 9, 1, '2017-10-06 09:45:59', NULL, '0000-00-00 00:00:00', 0),
(170, 'Ikom', 9, 1, '2017-10-06 09:45:59', NULL, '0000-00-00 00:00:00', 0),
(171, 'Obanliku', 9, 1, '2017-10-06 09:45:59', NULL, '0000-00-00 00:00:00', 0),
(172, 'Obubra', 9, 1, '2017-10-06 09:45:59', NULL, '0000-00-00 00:00:00', 0),
(173, 'Obudu', 9, 1, '2017-10-06 09:45:59', NULL, '0000-00-00 00:00:00', 0),
(174, 'Odukpani', 9, 1, '2017-10-06 09:45:59', NULL, '0000-00-00 00:00:00', 0),
(175, 'Ogoja', 9, 1, '2017-10-06 09:45:59', NULL, '0000-00-00 00:00:00', 0),
(176, 'Yakuur', 9, 1, '2017-10-06 09:45:59', NULL, '0000-00-00 00:00:00', 0),
(177, 'Yala', 9, 1, '2017-10-06 09:45:59', NULL, '0000-00-00 00:00:00', 0),
(178, 'Aniocha South', 10, 1, '2017-10-06 09:45:59', NULL, '0000-00-00 00:00:00', 0),
(179, 'Bomadi', 10, 1, '2017-10-06 09:45:59', NULL, '0000-00-00 00:00:00', 0),
(180, 'Burutu', 10, 1, '2017-10-06 09:45:59', NULL, '0000-00-00 00:00:00', 0),
(181, 'Ethiope East', 10, 1, '2017-10-06 09:45:59', NULL, '0000-00-00 00:00:00', 0),
(182, 'Ethiope West', 10, 1, '2017-10-06 09:45:59', NULL, '0000-00-00 00:00:00', 0),
(183, 'Ika North East', 10, 1, '2017-10-06 09:45:59', NULL, '0000-00-00 00:00:00', 0),
(184, 'Ika South', 10, 1, '2017-10-06 09:45:59', NULL, '0000-00-00 00:00:00', 0),
(185, 'Isoko North', 10, 1, '2017-10-06 09:45:59', NULL, '0000-00-00 00:00:00', 0),
(186, 'Isoko South', 10, 1, '2017-10-06 09:45:59', NULL, '0000-00-00 00:00:00', 0),
(187, 'Ndokwa East', 10, 1, '2017-10-06 09:45:59', NULL, '0000-00-00 00:00:00', 0),
(188, 'Ndokwa West', 10, 1, '2017-10-06 09:45:59', NULL, '0000-00-00 00:00:00', 0),
(189, 'Okpe', 10, 1, '2017-10-06 09:45:59', NULL, '0000-00-00 00:00:00', 0),
(190, 'Oshimili North', 10, 1, '2017-10-06 09:45:59', NULL, '0000-00-00 00:00:00', 0),
(191, 'Oshimili South', 10, 1, '2017-10-06 09:45:59', NULL, '0000-00-00 00:00:00', 0),
(192, 'Patani', 10, 1, '2017-10-06 09:45:59', NULL, '0000-00-00 00:00:00', 0),
(193, 'Sapele', 10, 1, '2017-10-06 09:45:59', NULL, '0000-00-00 00:00:00', 0),
(194, 'Udu', 10, 1, '2017-10-06 09:45:59', NULL, '0000-00-00 00:00:00', 0),
(195, 'Ughelli North', 10, 1, '2017-10-06 09:45:59', NULL, '0000-00-00 00:00:00', 0),
(196, 'Ughelli South', 10, 1, '2017-10-06 09:45:59', NULL, '0000-00-00 00:00:00', 0),
(197, 'Ukwuani', 10, 1, '2017-10-06 09:45:59', NULL, '0000-00-00 00:00:00', 0),
(198, 'Uvwie', 10, 1, '2017-10-06 09:45:59', NULL, '0000-00-00 00:00:00', 0),
(199, 'Warri North', 10, 1, '2017-10-06 09:45:59', NULL, '0000-00-00 00:00:00', 0),
(200, 'Warri South', 10, 1, '2017-10-06 09:45:59', NULL, '0000-00-00 00:00:00', 0),
(201, 'Warri South West', 10, 1, '2017-10-06 09:45:59', NULL, '0000-00-00 00:00:00', 0),
(202, 'Afikpo North', 11, 1, '2017-10-06 09:45:59', NULL, '0000-00-00 00:00:00', 0),
(203, 'Afikpo South', 11, 1, '2017-10-06 09:45:59', NULL, '0000-00-00 00:00:00', 0),
(204, 'Ebonyi', 11, 1, '2017-10-06 09:45:59', NULL, '0000-00-00 00:00:00', 0),
(205, 'Ezza North', 11, 1, '2017-10-06 09:45:59', NULL, '0000-00-00 00:00:00', 0),
(206, 'Ezza South', 11, 1, '2017-10-06 09:45:59', NULL, '0000-00-00 00:00:00', 0),
(207, 'Ikwo', 11, 1, '2017-10-06 09:45:59', NULL, '0000-00-00 00:00:00', 0),
(208, 'Ishielu', 11, 1, '2017-10-06 09:45:59', NULL, '0000-00-00 00:00:00', 0),
(209, 'Ivo', 11, 1, '2017-10-06 09:45:59', NULL, '0000-00-00 00:00:00', 0),
(210, 'Izzi', 11, 1, '2017-10-06 09:45:59', NULL, '0000-00-00 00:00:00', 0),
(211, 'Ohaozara', 11, 1, '2017-10-06 09:45:59', NULL, '0000-00-00 00:00:00', 0),
(212, 'Ohaukwu', 11, 1, '2017-10-06 09:45:59', NULL, '0000-00-00 00:00:00', 0),
(213, 'Onicha', 11, 1, '2017-10-06 09:45:59', NULL, '0000-00-00 00:00:00', 0),
(214, 'Egor', 12, 1, '2017-10-06 09:45:59', NULL, '0000-00-00 00:00:00', 0),
(215, 'Esan Central', 12, 1, '2017-10-06 09:45:59', NULL, '0000-00-00 00:00:00', 0),
(216, 'Esan North-East', 12, 1, '2017-10-06 09:45:59', NULL, '0000-00-00 00:00:00', 0),
(217, 'Esan South-East', 12, 1, '2017-10-06 09:45:59', NULL, '0000-00-00 00:00:00', 0),
(218, 'Esan West', 12, 1, '2017-10-06 09:45:59', NULL, '0000-00-00 00:00:00', 0),
(219, 'Etsako Central', 12, 1, '2017-10-06 09:45:59', NULL, '0000-00-00 00:00:00', 0),
(220, 'Etsako East', 12, 1, '2017-10-06 09:45:59', NULL, '0000-00-00 00:00:00', 0),
(221, 'Etsako West', 12, 1, '2017-10-06 09:45:59', NULL, '0000-00-00 00:00:00', 0),
(222, 'Igueben', 12, 1, '2017-10-06 09:45:59', NULL, '0000-00-00 00:00:00', 0),
(223, 'Ikpoba Okha', 12, 1, '2017-10-06 09:45:59', NULL, '0000-00-00 00:00:00', 0),
(224, 'Orhionmwon', 12, 1, '2017-10-06 09:45:59', NULL, '0000-00-00 00:00:00', 0),
(225, 'Oredo', 12, 1, '2017-10-06 09:45:59', NULL, '0000-00-00 00:00:00', 0),
(226, 'Ovia North-East', 12, 1, '2017-10-06 09:45:59', NULL, '0000-00-00 00:00:00', 0),
(227, 'Ovia South-West', 12, 1, '2017-10-06 09:45:59', NULL, '0000-00-00 00:00:00', 0),
(228, 'Owan East', 12, 1, '2017-10-06 09:45:59', NULL, '0000-00-00 00:00:00', 0),
(229, 'Owan West', 12, 1, '2017-10-06 09:45:59', NULL, '0000-00-00 00:00:00', 0),
(230, 'Uhunmwonde', 12, 1, '2017-10-06 09:45:59', NULL, '0000-00-00 00:00:00', 0),
(231, 'Efon', 13, 1, '2017-10-06 09:45:59', NULL, '0000-00-00 00:00:00', 0),
(232, 'Ekiti East', 13, 1, '2017-10-06 09:45:59', NULL, '0000-00-00 00:00:00', 0),
(233, 'Ekiti South-West', 13, 1, '2017-10-06 09:45:59', NULL, '0000-00-00 00:00:00', 0),
(234, 'Ekiti West', 13, 1, '2017-10-06 09:45:59', NULL, '0000-00-00 00:00:00', 0),
(235, 'Emure', 13, 1, '2017-10-06 09:45:59', NULL, '0000-00-00 00:00:00', 0),
(236, 'Gbonyin', 13, 1, '2017-10-06 09:45:59', NULL, '0000-00-00 00:00:00', 0),
(237, 'Ido Osi', 13, 1, '2017-10-06 09:45:59', NULL, '0000-00-00 00:00:00', 0),
(238, 'Ijero', 13, 1, '2017-10-06 09:45:59', NULL, '0000-00-00 00:00:00', 0),
(239, 'Ikere', 13, 1, '2017-10-06 09:45:59', NULL, '0000-00-00 00:00:00', 0),
(240, 'Ikole', 13, 1, '2017-10-06 09:45:59', NULL, '0000-00-00 00:00:00', 0),
(241, 'Ilejemeje', 13, 1, '2017-10-06 09:45:59', NULL, '0000-00-00 00:00:00', 0),
(242, 'Irepodun/Ifelodun', 13, 1, '2017-10-06 09:45:59', NULL, '0000-00-00 00:00:00', 0),
(243, 'Ise/Orun', 13, 1, '2017-10-06 09:45:59', NULL, '0000-00-00 00:00:00', 0),
(244, 'Moba', 13, 1, '2017-10-06 09:45:59', NULL, '0000-00-00 00:00:00', 0),
(245, 'Oye', 13, 1, '2017-10-06 09:45:59', NULL, '0000-00-00 00:00:00', 0),
(246, 'Awgu', 14, 1, '2017-10-06 09:45:59', NULL, '0000-00-00 00:00:00', 0),
(247, 'Enugu East', 14, 1, '2017-10-06 09:45:59', NULL, '0000-00-00 00:00:00', 0),
(248, 'Enugu North', 14, 1, '2017-10-06 09:45:59', NULL, '0000-00-00 00:00:00', 0),
(249, 'Enugu South', 14, 1, '2017-10-06 09:45:59', NULL, '0000-00-00 00:00:00', 0),
(250, 'Ezeagu', 14, 1, '2017-10-06 09:45:59', NULL, '0000-00-00 00:00:00', 0),
(251, 'Igbo Etiti', 14, 1, '2017-10-06 09:45:59', NULL, '0000-00-00 00:00:00', 0),
(252, 'Igbo Eze North', 14, 1, '2017-10-06 09:45:59', NULL, '0000-00-00 00:00:00', 0),
(253, 'Igbo Eze South', 14, 1, '2017-10-06 09:45:59', NULL, '0000-00-00 00:00:00', 0),
(254, 'Isi Uzo', 14, 1, '2017-10-06 09:45:59', NULL, '0000-00-00 00:00:00', 0),
(255, 'Nkanu East', 14, 1, '2017-10-06 09:45:59', NULL, '0000-00-00 00:00:00', 0),
(256, 'Nkanu West', 14, 1, '2017-10-06 09:45:59', NULL, '0000-00-00 00:00:00', 0),
(257, 'Nsukka', 14, 1, '2017-10-06 09:45:59', NULL, '0000-00-00 00:00:00', 0),
(258, 'Oji River', 14, 1, '2017-10-06 09:45:59', NULL, '0000-00-00 00:00:00', 0),
(259, 'Udenu', 14, 1, '2017-10-06 09:45:59', NULL, '0000-00-00 00:00:00', 0),
(260, 'Udi', 14, 1, '2017-10-06 09:45:59', NULL, '0000-00-00 00:00:00', 0),
(261, 'Uzo Uwani', 14, 1, '2017-10-06 09:45:59', NULL, '0000-00-00 00:00:00', 0),
(262, 'Bwari', 15, 1, '2017-10-06 09:45:59', NULL, '0000-00-00 00:00:00', 0),
(263, 'Gwagwalada', 15, 1, '2017-10-06 09:45:59', NULL, '0000-00-00 00:00:00', 0),
(264, 'Kuje', 15, 1, '2017-10-06 09:45:59', NULL, '0000-00-00 00:00:00', 0),
(265, 'Kwali', 15, 1, '2017-10-06 09:45:59', NULL, '0000-00-00 00:00:00', 0),
(266, 'Municipal Area Council', 15, 1, '2017-10-06 09:45:59', NULL, '0000-00-00 00:00:00', 0),
(267, 'Balanga', 16, 1, '2017-10-06 09:45:59', NULL, '0000-00-00 00:00:00', 0),
(268, 'Billiri', 16, 1, '2017-10-06 09:45:59', NULL, '0000-00-00 00:00:00', 0),
(269, 'Dukku', 16, 1, '2017-10-06 09:45:59', NULL, '0000-00-00 00:00:00', 0),
(270, 'Funakaye', 16, 1, '2017-10-06 09:45:59', NULL, '0000-00-00 00:00:00', 0),
(271, 'Gombe', 16, 1, '2017-10-06 09:45:59', NULL, '0000-00-00 00:00:00', 0),
(272, 'Kaltungo', 16, 1, '2017-10-06 09:45:59', NULL, '0000-00-00 00:00:00', 0),
(273, 'Kwami', 16, 1, '2017-10-06 09:45:59', NULL, '0000-00-00 00:00:00', 0),
(274, 'Nafada', 16, 1, '2017-10-06 09:45:59', NULL, '0000-00-00 00:00:00', 0),
(275, 'Shongom', 16, 1, '2017-10-06 09:45:59', NULL, '0000-00-00 00:00:00', 0),
(276, 'Yamaltu/Deba', 16, 1, '2017-10-06 09:45:59', NULL, '0000-00-00 00:00:00', 0),
(277, 'Ahiazu Mbaise', 17, 1, '2017-10-06 09:45:59', NULL, '0000-00-00 00:00:00', 0),
(278, 'Ehime Mbano', 17, 1, '2017-10-06 09:45:59', NULL, '0000-00-00 00:00:00', 0),
(279, 'Ezinihitte', 17, 1, '2017-10-06 09:45:59', NULL, '0000-00-00 00:00:00', 0),
(280, 'Ideato North', 17, 1, '2017-10-06 09:45:59', NULL, '0000-00-00 00:00:00', 0),
(281, 'Ideato South', 17, 1, '2017-10-06 09:45:59', NULL, '0000-00-00 00:00:00', 0),
(282, 'Ihitte/Uboma', 17, 1, '2017-10-06 09:45:59', NULL, '0000-00-00 00:00:00', 0),
(283, 'Ikeduru', 17, 1, '2017-10-06 09:45:59', NULL, '0000-00-00 00:00:00', 0),
(284, 'Isiala Mbano', 17, 1, '2017-10-06 09:45:59', NULL, '0000-00-00 00:00:00', 0),
(285, 'Isu', 17, 1, '2017-10-06 09:45:59', NULL, '0000-00-00 00:00:00', 0),
(286, 'Mbaitoli', 17, 1, '2017-10-06 09:45:59', NULL, '0000-00-00 00:00:00', 0),
(287, 'Ngor Okpala', 17, 1, '2017-10-06 09:45:59', NULL, '0000-00-00 00:00:00', 0),
(288, 'Njaba', 17, 1, '2017-10-06 09:45:59', NULL, '0000-00-00 00:00:00', 0),
(289, 'Nkwerre', 17, 1, '2017-10-06 09:45:59', NULL, '0000-00-00 00:00:00', 0),
(290, 'Nwangele', 17, 1, '2017-10-06 09:45:59', NULL, '0000-00-00 00:00:00', 0),
(291, 'Obowo', 17, 1, '2017-10-06 09:45:59', NULL, '0000-00-00 00:00:00', 0),
(292, 'Oguta', 17, 1, '2017-10-06 09:45:59', NULL, '0000-00-00 00:00:00', 0),
(293, 'Ohaji/Egbema', 17, 1, '2017-10-06 09:45:59', NULL, '0000-00-00 00:00:00', 0),
(294, 'Okigwe', 17, 1, '2017-10-06 09:45:59', NULL, '0000-00-00 00:00:00', 0),
(295, 'Orlu', 17, 1, '2017-10-06 09:45:59', NULL, '0000-00-00 00:00:00', 0),
(296, 'Orsu', 17, 1, '2017-10-06 09:45:59', NULL, '0000-00-00 00:00:00', 0),
(297, 'Oru East', 17, 1, '2017-10-06 09:45:59', NULL, '0000-00-00 00:00:00', 0),
(298, 'Oru West', 17, 1, '2017-10-06 09:45:59', NULL, '0000-00-00 00:00:00', 0),
(299, 'Owerri Municipal', 17, 1, '2017-10-06 09:45:59', NULL, '0000-00-00 00:00:00', 0),
(300, 'Owerri North', 17, 1, '2017-10-06 09:45:59', NULL, '0000-00-00 00:00:00', 0),
(301, 'Owerri West', 17, 1, '2017-10-06 09:45:59', NULL, '0000-00-00 00:00:00', 0),
(302, 'Unuimo', 17, 1, '2017-10-06 09:45:59', NULL, '0000-00-00 00:00:00', 0),
(303, 'Babura', 18, 1, '2017-10-06 09:45:59', NULL, '0000-00-00 00:00:00', 0),
(304, 'Biriniwa', 18, 1, '2017-10-06 09:45:59', NULL, '0000-00-00 00:00:00', 0),
(305, 'Birnin Kudu', 18, 1, '2017-10-06 09:45:59', NULL, '0000-00-00 00:00:00', 0),
(306, 'Buji', 18, 1, '2017-10-06 09:45:59', NULL, '0000-00-00 00:00:00', 0),
(307, 'Dutse', 18, 1, '2017-10-06 09:45:59', NULL, '0000-00-00 00:00:00', 0),
(308, 'Gagarawa', 18, 1, '2017-10-06 09:45:59', NULL, '0000-00-00 00:00:00', 0),
(309, 'Garki', 18, 1, '2017-10-06 09:45:59', NULL, '0000-00-00 00:00:00', 0),
(310, 'Gumel', 18, 1, '2017-10-06 09:45:59', NULL, '0000-00-00 00:00:00', 0),
(311, 'Guri', 18, 1, '2017-10-06 09:45:59', NULL, '0000-00-00 00:00:00', 0),
(312, 'Gwaram', 18, 1, '2017-10-06 09:45:59', NULL, '0000-00-00 00:00:00', 0),
(313, 'Gwiwa', 18, 1, '2017-10-06 09:45:59', NULL, '0000-00-00 00:00:00', 0),
(314, 'Hadejia', 18, 1, '2017-10-06 09:45:59', NULL, '0000-00-00 00:00:00', 0),
(315, 'Jahun', 18, 1, '2017-10-06 09:45:59', NULL, '0000-00-00 00:00:00', 0),
(316, 'Kafin Hausa', 18, 1, '2017-10-06 09:45:59', NULL, '0000-00-00 00:00:00', 0),
(317, 'Kazaure', 18, 1, '2017-10-06 09:45:59', NULL, '0000-00-00 00:00:00', 0),
(318, 'Kiri Kasama', 18, 1, '2017-10-06 09:45:59', NULL, '0000-00-00 00:00:00', 0),
(319, 'Kiyawa', 18, 1, '2017-10-06 09:45:59', NULL, '0000-00-00 00:00:00', 0),
(320, 'Kaugama', 18, 1, '2017-10-06 09:45:59', NULL, '0000-00-00 00:00:00', 0),
(321, 'Maigatari', 18, 1, '2017-10-06 09:45:59', NULL, '0000-00-00 00:00:00', 0),
(322, 'Malam Madori', 18, 1, '2017-10-06 09:45:59', NULL, '0000-00-00 00:00:00', 0),
(323, 'Miga', 18, 1, '2017-10-06 09:45:59', NULL, '0000-00-00 00:00:00', 0),
(324, 'Ringim', 18, 1, '2017-10-06 09:45:59', NULL, '0000-00-00 00:00:00', 0),
(325, 'Roni', 18, 1, '2017-10-06 09:45:59', NULL, '0000-00-00 00:00:00', 0),
(326, 'Sule Tankarkar', 18, 1, '2017-10-06 09:45:59', NULL, '0000-00-00 00:00:00', 0),
(327, 'Taura', 18, 1, '2017-10-06 09:45:59', NULL, '0000-00-00 00:00:00', 0),
(328, 'Yankwashi', 18, 1, '2017-10-06 09:45:59', NULL, '0000-00-00 00:00:00', 0),
(329, 'Chikun', 19, 1, '2017-10-06 09:45:59', NULL, '0000-00-00 00:00:00', 0),
(330, 'Giwa', 19, 1, '2017-10-06 09:45:59', NULL, '0000-00-00 00:00:00', 0),
(331, 'Igabi', 19, 1, '2017-10-06 09:45:59', NULL, '0000-00-00 00:00:00', 0),
(332, 'Ikara', 19, 1, '2017-10-06 09:45:59', NULL, '0000-00-00 00:00:00', 0),
(333, 'Jaba', 19, 1, '2017-10-06 09:45:59', NULL, '0000-00-00 00:00:00', 0),
(334, 'Jema\'a', 19, 1, '2017-10-06 09:45:59', NULL, '0000-00-00 00:00:00', 0),
(335, 'Kachia', 19, 1, '2017-10-06 09:45:59', NULL, '0000-00-00 00:00:00', 0),
(336, 'Kaduna North', 19, 1, '2017-10-06 09:45:59', NULL, '0000-00-00 00:00:00', 0),
(337, 'Kaduna South', 19, 1, '2017-10-06 09:45:59', NULL, '0000-00-00 00:00:00', 0),
(338, 'Kagarko', 19, 1, '2017-10-06 09:45:59', NULL, '0000-00-00 00:00:00', 0),
(339, 'Kajuru', 19, 1, '2017-10-06 09:45:59', NULL, '0000-00-00 00:00:00', 0),
(340, 'Kaura', 19, 1, '2017-10-06 09:45:59', NULL, '0000-00-00 00:00:00', 0),
(341, 'Kauru', 19, 1, '2017-10-06 09:45:59', NULL, '0000-00-00 00:00:00', 0),
(342, 'Kubau', 19, 1, '2017-10-06 09:45:59', NULL, '0000-00-00 00:00:00', 0),
(343, 'Kudan', 19, 1, '2017-10-06 09:45:59', NULL, '0000-00-00 00:00:00', 0),
(344, 'Lere', 19, 1, '2017-10-06 09:45:59', NULL, '0000-00-00 00:00:00', 0),
(345, 'Makarfi', 19, 1, '2017-10-06 09:45:59', NULL, '0000-00-00 00:00:00', 0),
(346, 'Sabon Gari', 19, 1, '2017-10-06 09:45:59', NULL, '0000-00-00 00:00:00', 0),
(347, 'Sanga', 19, 1, '2017-10-06 09:45:59', NULL, '0000-00-00 00:00:00', 0),
(348, 'Soba', 19, 1, '2017-10-06 09:45:59', NULL, '0000-00-00 00:00:00', 0),
(349, 'Zangon Kataf', 19, 1, '2017-10-06 09:45:59', NULL, '0000-00-00 00:00:00', 0),
(350, 'Zaria', 19, 1, '2017-10-06 09:45:59', NULL, '0000-00-00 00:00:00', 0),
(351, 'Albasu', 20, 1, '2017-10-06 09:45:59', NULL, '0000-00-00 00:00:00', 0),
(352, 'Bagwai', 20, 1, '2017-10-06 09:45:59', NULL, '0000-00-00 00:00:00', 0),
(353, 'Bebeji', 20, 1, '2017-10-06 09:45:59', NULL, '0000-00-00 00:00:00', 0),
(354, 'Bichi', 20, 1, '2017-10-06 09:45:59', NULL, '0000-00-00 00:00:00', 0),
(355, 'Bunkure', 20, 1, '2017-10-06 09:45:59', NULL, '0000-00-00 00:00:00', 0),
(356, 'Dala', 20, 1, '2017-10-06 09:45:59', NULL, '0000-00-00 00:00:00', 0),
(357, 'Dambatta', 20, 1, '2017-10-06 09:45:59', NULL, '0000-00-00 00:00:00', 0),
(358, 'Dawakin Kudu', 20, 1, '2017-10-06 09:45:59', NULL, '0000-00-00 00:00:00', 0),
(359, 'Dawakin Tofa', 20, 1, '2017-10-06 09:45:59', NULL, '0000-00-00 00:00:00', 0),
(360, 'Doguwa', 20, 1, '2017-10-06 09:45:59', NULL, '0000-00-00 00:00:00', 0),
(361, 'Fagge', 20, 1, '2017-10-06 09:45:59', NULL, '0000-00-00 00:00:00', 0),
(362, 'Gabasawa', 20, 1, '2017-10-06 09:45:59', NULL, '0000-00-00 00:00:00', 0),
(363, 'Garko', 20, 1, '2017-10-06 09:45:59', NULL, '0000-00-00 00:00:00', 0),
(364, 'Garun Mallam', 20, 1, '2017-10-06 09:45:59', NULL, '0000-00-00 00:00:00', 0),
(365, 'Gaya', 20, 1, '2017-10-06 09:45:59', NULL, '0000-00-00 00:00:00', 0),
(366, 'Gezawa', 20, 1, '2017-10-06 09:45:59', NULL, '0000-00-00 00:00:00', 0),
(367, 'Gwale', 20, 1, '2017-10-06 09:45:59', NULL, '0000-00-00 00:00:00', 0),
(368, 'Gwarzo', 20, 1, '2017-10-06 09:45:59', NULL, '0000-00-00 00:00:00', 0),
(369, 'Kabo', 20, 1, '2017-10-06 09:45:59', NULL, '0000-00-00 00:00:00', 0),
(370, 'Kano Municipal', 20, 1, '2017-10-06 09:45:59', NULL, '0000-00-00 00:00:00', 0),
(371, 'Karaye', 20, 1, '2017-10-06 09:45:59', NULL, '0000-00-00 00:00:00', 0),
(372, 'Kibiya', 20, 1, '2017-10-06 09:45:59', NULL, '0000-00-00 00:00:00', 0),
(373, 'Kiru', 20, 1, '2017-10-06 09:45:59', NULL, '0000-00-00 00:00:00', 0),
(374, 'Kumbotso', 20, 1, '2017-10-06 09:45:59', NULL, '0000-00-00 00:00:00', 0),
(375, 'Kunchi', 20, 1, '2017-10-06 09:45:59', NULL, '0000-00-00 00:00:00', 0),
(376, 'Kura', 20, 1, '2017-10-06 09:45:59', NULL, '0000-00-00 00:00:00', 0),
(377, 'Madobi', 20, 1, '2017-10-06 09:45:59', NULL, '0000-00-00 00:00:00', 0),
(378, 'Makoda', 20, 1, '2017-10-06 09:45:59', NULL, '0000-00-00 00:00:00', 0),
(379, 'Minjibir', 20, 1, '2017-10-06 09:45:59', NULL, '0000-00-00 00:00:00', 0),
(380, 'Nasarawa', 20, 1, '2017-10-06 09:45:59', NULL, '0000-00-00 00:00:00', 0),
(381, 'Rano', 20, 1, '2017-10-06 09:45:59', NULL, '0000-00-00 00:00:00', 0),
(382, 'Rimin Gado', 20, 1, '2017-10-06 09:45:59', NULL, '0000-00-00 00:00:00', 0),
(383, 'Rogo', 20, 1, '2017-10-06 09:45:59', NULL, '0000-00-00 00:00:00', 0),
(384, 'Shanono', 20, 1, '2017-10-06 09:45:59', NULL, '0000-00-00 00:00:00', 0),
(385, 'Sumaila', 20, 1, '2017-10-06 09:45:59', NULL, '0000-00-00 00:00:00', 0),
(386, 'Takai', 20, 1, '2017-10-06 09:45:59', NULL, '0000-00-00 00:00:00', 0),
(387, 'Tarauni', 20, 1, '2017-10-06 09:45:59', NULL, '0000-00-00 00:00:00', 0),
(388, 'Tofa', 20, 1, '2017-10-06 09:45:59', NULL, '0000-00-00 00:00:00', 0),
(389, 'Tsanyawa', 20, 1, '2017-10-06 09:45:59', NULL, '0000-00-00 00:00:00', 0),
(390, 'Tudun Wada', 20, 1, '2017-10-06 09:45:59', NULL, '0000-00-00 00:00:00', 0),
(391, 'Ungogo', 20, 1, '2017-10-06 09:45:59', NULL, '0000-00-00 00:00:00', 0),
(392, 'Warawa', 20, 1, '2017-10-06 09:45:59', NULL, '0000-00-00 00:00:00', 0),
(393, 'Wudil', 20, 1, '2017-10-06 09:45:59', NULL, '0000-00-00 00:00:00', 0),
(394, 'Batagarawa', 21, 1, '2017-10-06 09:45:59', NULL, '0000-00-00 00:00:00', 0),
(395, 'Batsari', 21, 1, '2017-10-06 09:45:59', NULL, '0000-00-00 00:00:00', 0),
(396, 'Baure', 21, 1, '2017-10-06 09:45:59', NULL, '0000-00-00 00:00:00', 0),
(397, 'Bindawa', 21, 1, '2017-10-06 09:45:59', NULL, '0000-00-00 00:00:00', 0),
(398, 'Charanchi', 21, 1, '2017-10-06 09:45:59', NULL, '0000-00-00 00:00:00', 0),
(399, 'Dandume', 21, 1, '2017-10-06 09:45:59', NULL, '0000-00-00 00:00:00', 0),
(400, 'Danja', 21, 1, '2017-10-06 09:45:59', NULL, '0000-00-00 00:00:00', 0),
(401, 'Dan Musa', 21, 1, '2017-10-06 09:45:59', NULL, '0000-00-00 00:00:00', 0),
(402, 'Daura', 21, 1, '2017-10-06 09:45:59', NULL, '0000-00-00 00:00:00', 0),
(403, 'Dutsi', 21, 1, '2017-10-06 09:45:59', NULL, '0000-00-00 00:00:00', 0),
(404, 'Dutsin Ma', 21, 1, '2017-10-06 09:45:59', NULL, '0000-00-00 00:00:00', 0),
(405, 'Faskari', 21, 1, '2017-10-06 09:45:59', NULL, '0000-00-00 00:00:00', 0),
(406, 'Funtua', 21, 1, '2017-10-06 09:45:59', NULL, '0000-00-00 00:00:00', 0),
(407, 'Ingawa', 21, 1, '2017-10-06 09:45:59', NULL, '0000-00-00 00:00:00', 0),
(408, 'Jibia', 21, 1, '2017-10-06 09:45:59', NULL, '0000-00-00 00:00:00', 0),
(409, 'Kafur', 21, 1, '2017-10-06 09:45:59', NULL, '0000-00-00 00:00:00', 0),
(410, 'Kaita', 21, 1, '2017-10-06 09:45:59', NULL, '0000-00-00 00:00:00', 0),
(411, 'Kankara', 21, 1, '2017-10-06 09:45:59', NULL, '0000-00-00 00:00:00', 0),
(412, 'Kankia', 21, 1, '2017-10-06 09:45:59', NULL, '0000-00-00 00:00:00', 0),
(413, 'Katsina', 21, 1, '2017-10-06 09:45:59', NULL, '0000-00-00 00:00:00', 0),
(414, 'Kurfi', 21, 1, '2017-10-06 09:45:59', NULL, '0000-00-00 00:00:00', 0),
(415, 'Kusada', 21, 1, '2017-10-06 09:45:59', NULL, '0000-00-00 00:00:00', 0),
(416, 'Mai\'Adua', 21, 1, '2017-10-06 09:45:59', NULL, '0000-00-00 00:00:00', 0),
(417, 'Malumfashi', 21, 1, '2017-10-06 09:45:59', NULL, '0000-00-00 00:00:00', 0),
(418, 'Mani', 21, 1, '2017-10-06 09:45:59', NULL, '0000-00-00 00:00:00', 0),
(419, 'Mashi', 21, 1, '2017-10-06 09:45:59', NULL, '0000-00-00 00:00:00', 0),
(420, 'Matazu', 21, 1, '2017-10-06 09:45:59', NULL, '0000-00-00 00:00:00', 0),
(421, 'Musawa', 21, 1, '2017-10-06 09:45:59', NULL, '0000-00-00 00:00:00', 0),
(422, 'Rimi', 21, 1, '2017-10-06 09:45:59', NULL, '0000-00-00 00:00:00', 0),
(423, 'Sabuwa', 21, 1, '2017-10-06 09:45:59', NULL, '0000-00-00 00:00:00', 0),
(424, 'Safana', 21, 1, '2017-10-06 09:45:59', NULL, '0000-00-00 00:00:00', 0),
(425, 'Sandamu', 21, 1, '2017-10-06 09:45:59', NULL, '0000-00-00 00:00:00', 0),
(426, 'Zango', 21, 1, '2017-10-06 09:45:59', NULL, '0000-00-00 00:00:00', 0),
(427, 'Arewa Dandi', 22, 1, '2017-10-06 09:45:59', NULL, '0000-00-00 00:00:00', 0),
(428, 'Argungu', 22, 1, '2017-10-06 09:45:59', NULL, '0000-00-00 00:00:00', 0),
(429, 'Augie', 22, 1, '2017-10-06 09:45:59', NULL, '0000-00-00 00:00:00', 0),
(430, 'Bagudo', 22, 1, '2017-10-06 09:45:59', NULL, '0000-00-00 00:00:00', 0),
(431, 'Birnin Kebbi', 22, 1, '2017-10-06 09:45:59', NULL, '0000-00-00 00:00:00', 0),
(432, 'Bunza', 22, 1, '2017-10-06 09:45:59', NULL, '0000-00-00 00:00:00', 0),
(433, 'Dandi', 22, 1, '2017-10-06 09:45:59', NULL, '0000-00-00 00:00:00', 0),
(434, 'Fakai', 22, 1, '2017-10-06 09:45:59', NULL, '0000-00-00 00:00:00', 0),
(435, 'Gwandu', 22, 1, '2017-10-06 09:45:59', NULL, '0000-00-00 00:00:00', 0),
(436, 'Jega', 22, 1, '2017-10-06 09:45:59', NULL, '0000-00-00 00:00:00', 0),
(437, 'Kalgo', 22, 1, '2017-10-06 09:45:59', NULL, '0000-00-00 00:00:00', 0),
(438, 'Koko/Besse', 22, 1, '2017-10-06 09:45:59', NULL, '0000-00-00 00:00:00', 0),
(439, 'Maiyama', 22, 1, '2017-10-06 09:45:59', NULL, '0000-00-00 00:00:00', 0),
(440, 'Ngaski', 22, 1, '2017-10-06 09:45:59', NULL, '0000-00-00 00:00:00', 0),
(441, 'Sakaba', 22, 1, '2017-10-06 09:45:59', NULL, '0000-00-00 00:00:00', 0),
(442, 'Shanga', 22, 1, '2017-10-06 09:45:59', NULL, '0000-00-00 00:00:00', 0),
(443, 'Suru', 22, 1, '2017-10-06 09:45:59', NULL, '0000-00-00 00:00:00', 0),
(444, 'Wasagu/Danko', 22, 1, '2017-10-06 09:45:59', NULL, '0000-00-00 00:00:00', 0),
(445, 'Yauri', 22, 1, '2017-10-06 09:45:59', NULL, '0000-00-00 00:00:00', 0),
(446, 'Zuru', 22, 1, '2017-10-06 09:45:59', NULL, '0000-00-00 00:00:00', 0),
(447, 'Ajaokuta', 23, 1, '2017-10-06 09:45:59', NULL, '0000-00-00 00:00:00', 0),
(448, 'Ankpa', 23, 1, '2017-10-06 09:45:59', NULL, '0000-00-00 00:00:00', 0),
(449, 'Bassa', 23, 1, '2017-10-06 09:45:59', NULL, '0000-00-00 00:00:00', 0),
(450, 'Dekina', 23, 1, '2017-10-06 09:45:59', NULL, '0000-00-00 00:00:00', 0),
(451, 'Ibaji', 23, 1, '2017-10-06 09:45:59', NULL, '0000-00-00 00:00:00', 0),
(452, 'Idah', 23, 1, '2017-10-06 09:45:59', NULL, '0000-00-00 00:00:00', 0),
(453, 'Igalamela Odolu', 23, 1, '2017-10-06 09:45:59', NULL, '0000-00-00 00:00:00', 0),
(454, 'Ijumu', 23, 1, '2017-10-06 09:45:59', NULL, '0000-00-00 00:00:00', 0),
(455, 'Kabba/Bunu', 23, 1, '2017-10-06 09:45:59', NULL, '0000-00-00 00:00:00', 0),
(456, 'Kogi', 23, 1, '2017-10-06 09:45:59', NULL, '0000-00-00 00:00:00', 0),
(457, 'Lokoja', 23, 1, '2017-10-06 09:45:59', NULL, '0000-00-00 00:00:00', 0),
(458, 'Mopa Muro', 23, 1, '2017-10-06 09:45:59', NULL, '0000-00-00 00:00:00', 0),
(459, 'Ofu', 23, 1, '2017-10-06 09:45:59', NULL, '0000-00-00 00:00:00', 0),
(460, 'Ogori/Magongo', 23, 1, '2017-10-06 09:45:59', NULL, '0000-00-00 00:00:00', 0),
(461, 'Okehi', 23, 1, '2017-10-06 09:45:59', NULL, '0000-00-00 00:00:00', 0),
(462, 'Okene', 23, 1, '2017-10-06 09:45:59', NULL, '0000-00-00 00:00:00', 0),
(463, 'Olamaboro', 23, 1, '2017-10-06 09:45:59', NULL, '0000-00-00 00:00:00', 0),
(464, 'Omala', 23, 1, '2017-10-06 09:45:59', NULL, '0000-00-00 00:00:00', 0),
(465, 'Yagba East', 23, 1, '2017-10-06 09:45:59', NULL, '0000-00-00 00:00:00', 0),
(466, 'Yagba West', 23, 1, '2017-10-06 09:45:59', NULL, '0000-00-00 00:00:00', 0),
(467, 'Baruten', 24, 1, '2017-10-06 09:45:59', NULL, '0000-00-00 00:00:00', 0),
(468, 'Edu', 24, 1, '2017-10-06 09:45:59', NULL, '0000-00-00 00:00:00', 0),
(469, 'Ekiti', 24, 1, '2017-10-06 09:45:59', NULL, '0000-00-00 00:00:00', 0),
(470, 'Ifelodun', 24, 1, '2017-10-06 09:45:59', NULL, '0000-00-00 00:00:00', 0),
(471, 'Ilorin East', 24, 1, '2017-10-06 09:45:59', NULL, '0000-00-00 00:00:00', 0),
(472, 'Ilorin South', 24, 1, '2017-10-06 09:45:59', NULL, '0000-00-00 00:00:00', 0),
(473, 'Ilorin West', 24, 1, '2017-10-06 09:45:59', NULL, '0000-00-00 00:00:00', 0),
(474, 'Irepodun', 24, 1, '2017-10-06 09:45:59', NULL, '0000-00-00 00:00:00', 0),
(475, 'Isin', 24, 1, '2017-10-06 09:45:59', NULL, '0000-00-00 00:00:00', 0),
(476, 'Kaiama', 24, 1, '2017-10-06 09:45:59', NULL, '0000-00-00 00:00:00', 0),
(477, 'Moro', 24, 1, '2017-10-06 09:45:59', NULL, '0000-00-00 00:00:00', 0),
(478, 'Offa', 24, 1, '2017-10-06 09:45:59', NULL, '0000-00-00 00:00:00', 0),
(479, 'Oke Ero', 24, 1, '2017-10-06 09:45:59', NULL, '0000-00-00 00:00:00', 0),
(480, 'Oyun', 24, 1, '2017-10-06 09:45:59', NULL, '0000-00-00 00:00:00', 0),
(481, 'Pategi', 24, 1, '2017-10-06 09:45:59', NULL, '0000-00-00 00:00:00', 0),
(482, 'Ajeromi-Ifelodun', 25, 1, '2017-10-06 09:45:59', NULL, '0000-00-00 00:00:00', 0),
(483, 'Alimosho', 25, 1, '2017-10-06 09:45:59', NULL, '0000-00-00 00:00:00', 0),
(484, 'Amuwo-Odofin', 25, 1, '2017-10-06 09:45:59', NULL, '0000-00-00 00:00:00', 0),
(485, 'Apapa', 25, 1, '2017-10-06 09:45:59', NULL, '0000-00-00 00:00:00', 0),
(486, 'Badagry', 25, 1, '2017-10-06 09:45:59', NULL, '0000-00-00 00:00:00', 0),
(487, 'Epe', 25, 1, '2017-10-06 09:45:59', NULL, '0000-00-00 00:00:00', 0),
(488, 'Eti Osa', 25, 1, '2017-10-06 09:45:59', NULL, '0000-00-00 00:00:00', 0),
(489, 'Ibeju-Lekki', 25, 1, '2017-10-06 09:45:59', NULL, '0000-00-00 00:00:00', 0),
(490, 'Ifako-Ijaiye', 25, 1, '2017-10-06 09:45:59', NULL, '0000-00-00 00:00:00', 0),
(491, 'Ikeja', 25, 1, '2017-10-06 09:45:59', NULL, '0000-00-00 00:00:00', 0),
(492, 'Ikorodu', 25, 1, '2017-10-06 09:45:59', NULL, '0000-00-00 00:00:00', 0),
(493, 'Kosofe', 25, 1, '2017-10-06 09:45:59', NULL, '0000-00-00 00:00:00', 0),
(494, 'Lagos Island', 25, 1, '2017-10-06 09:45:59', NULL, '0000-00-00 00:00:00', 0),
(495, 'Lagos Mainland', 25, 1, '2017-10-06 09:45:59', NULL, '0000-00-00 00:00:00', 0),
(496, 'Mushin', 25, 1, '2017-10-06 09:45:59', NULL, '0000-00-00 00:00:00', 0),
(497, 'Ojo', 25, 1, '2017-10-06 09:45:59', NULL, '0000-00-00 00:00:00', 0),
(498, 'Oshodi-Isolo', 25, 1, '2017-10-06 09:45:59', NULL, '0000-00-00 00:00:00', 0),
(499, 'Shomolu', 25, 1, '2017-10-06 09:45:59', NULL, '0000-00-00 00:00:00', 0),
(500, 'Surulere', 25, 1, '2017-10-06 09:45:59', NULL, '0000-00-00 00:00:00', 0),
(501, 'Awe', 26, 1, '2017-10-06 09:45:59', NULL, '0000-00-00 00:00:00', 0),
(502, 'Doma', 26, 1, '2017-10-06 09:45:59', NULL, '0000-00-00 00:00:00', 0),
(503, 'Karu', 26, 1, '2017-10-06 09:45:59', NULL, '0000-00-00 00:00:00', 0),
(504, 'Keana', 26, 1, '2017-10-06 09:45:59', NULL, '0000-00-00 00:00:00', 0),
(505, 'Keffi', 26, 1, '2017-10-06 09:45:59', NULL, '0000-00-00 00:00:00', 0),
(506, 'Kokona', 26, 1, '2017-10-06 09:45:59', NULL, '0000-00-00 00:00:00', 0),
(507, 'Lafia', 26, 1, '2017-10-06 09:45:59', NULL, '0000-00-00 00:00:00', 0),
(508, 'Nasarawa', 26, 1, '2017-10-06 09:45:59', NULL, '0000-00-00 00:00:00', 0),
(509, 'Nasarawa Egon', 26, 1, '2017-10-06 09:45:59', NULL, '0000-00-00 00:00:00', 0),
(510, 'Obi', 26, 1, '2017-10-06 09:45:59', NULL, '0000-00-00 00:00:00', 0),
(511, 'Toto', 26, 1, '2017-10-06 09:45:59', NULL, '0000-00-00 00:00:00', 0),
(512, 'Wamba', 26, 1, '2017-10-06 09:45:59', NULL, '0000-00-00 00:00:00', 0),
(513, 'Agwara', 27, 1, '2017-10-06 09:45:59', NULL, '0000-00-00 00:00:00', 0),
(514, 'Bida', 27, 1, '2017-10-06 09:45:59', NULL, '0000-00-00 00:00:00', 0),
(515, 'Borgu', 27, 1, '2017-10-06 09:45:59', NULL, '0000-00-00 00:00:00', 0),
(516, 'Bosso', 27, 1, '2017-10-06 09:45:59', NULL, '0000-00-00 00:00:00', 0),
(517, 'Chanchaga', 27, 1, '2017-10-06 09:45:59', NULL, '0000-00-00 00:00:00', 0),
(518, 'Edati', 27, 1, '2017-10-06 09:45:59', NULL, '0000-00-00 00:00:00', 0),
(519, 'Gbako', 27, 1, '2017-10-06 09:45:59', NULL, '0000-00-00 00:00:00', 0),
(520, 'Gurara', 27, 1, '2017-10-06 09:45:59', NULL, '0000-00-00 00:00:00', 0),
(521, 'Katcha', 27, 1, '2017-10-06 09:45:59', NULL, '0000-00-00 00:00:00', 0),
(522, 'Kontagora', 27, 1, '2017-10-06 09:45:59', NULL, '0000-00-00 00:00:00', 0),
(523, 'Lapai', 27, 1, '2017-10-06 09:45:59', NULL, '0000-00-00 00:00:00', 0),
(524, 'Lavun', 27, 1, '2017-10-06 09:45:59', NULL, '0000-00-00 00:00:00', 0),
(525, 'Magama', 27, 1, '2017-10-06 09:45:59', NULL, '0000-00-00 00:00:00', 0),
(526, 'Mariga', 27, 1, '2017-10-06 09:45:59', NULL, '0000-00-00 00:00:00', 0),
(527, 'Mashegu', 27, 1, '2017-10-06 09:45:59', NULL, '0000-00-00 00:00:00', 0),
(528, 'Mokwa', 27, 1, '2017-10-06 09:45:59', NULL, '0000-00-00 00:00:00', 0),
(529, 'Moya', 27, 1, '2017-10-06 09:45:59', NULL, '0000-00-00 00:00:00', 0),
(530, 'Paikoro', 27, 1, '2017-10-06 09:45:59', NULL, '0000-00-00 00:00:00', 0),
(531, 'Rafi', 27, 1, '2017-10-06 09:45:59', NULL, '0000-00-00 00:00:00', 0),
(532, 'Rijau', 27, 1, '2017-10-06 09:45:59', NULL, '0000-00-00 00:00:00', 0),
(533, 'Shiroro', 27, 1, '2017-10-06 09:45:59', NULL, '0000-00-00 00:00:00', 0),
(534, 'Suleja', 27, 1, '2017-10-06 09:45:59', NULL, '0000-00-00 00:00:00', 0),
(535, 'Tafa', 27, 1, '2017-10-06 09:45:59', NULL, '0000-00-00 00:00:00', 0),
(536, 'Wushishi', 27, 1, '2017-10-06 09:45:59', NULL, '0000-00-00 00:00:00', 0),
(537, 'Abeokuta South', 28, 1, '2017-10-06 09:45:59', NULL, '0000-00-00 00:00:00', 0),
(538, 'Ado-Odo/Ota', 28, 1, '2017-10-06 09:45:59', NULL, '0000-00-00 00:00:00', 0),
(539, 'Egbado North', 28, 1, '2017-10-06 09:45:59', NULL, '0000-00-00 00:00:00', 0),
(540, 'Egbado South', 28, 1, '2017-10-06 09:45:59', NULL, '0000-00-00 00:00:00', 0),
(541, 'Ewekoro', 28, 1, '2017-10-06 09:45:59', NULL, '0000-00-00 00:00:00', 0),
(542, 'Ifo', 28, 1, '2017-10-06 09:45:59', NULL, '0000-00-00 00:00:00', 0),
(543, 'Ijebu East', 28, 1, '2017-10-06 09:45:59', NULL, '0000-00-00 00:00:00', 0),
(544, 'Ijebu North', 28, 1, '2017-10-06 09:45:59', NULL, '0000-00-00 00:00:00', 0),
(545, 'Ijebu North East', 28, 1, '2017-10-06 09:45:59', NULL, '0000-00-00 00:00:00', 0),
(546, 'Ijebu Ode', 28, 1, '2017-10-06 09:45:59', NULL, '0000-00-00 00:00:00', 0),
(547, 'Ikenne', 28, 1, '2017-10-06 09:45:59', NULL, '0000-00-00 00:00:00', 0),
(548, 'Imeko Afon', 28, 1, '2017-10-06 09:45:59', NULL, '0000-00-00 00:00:00', 0),
(549, 'Ipokia', 28, 1, '2017-10-06 09:45:59', NULL, '0000-00-00 00:00:00', 0),
(550, 'Obafemi Owode', 28, 1, '2017-10-06 09:45:59', NULL, '0000-00-00 00:00:00', 0),
(551, 'Odeda', 28, 1, '2017-10-06 09:45:59', NULL, '0000-00-00 00:00:00', 0),
(552, 'Odogbolu', 28, 1, '2017-10-06 09:45:59', NULL, '0000-00-00 00:00:00', 0),
(553, 'Ogun Waterside', 28, 1, '2017-10-06 09:45:59', NULL, '0000-00-00 00:00:00', 0),
(554, 'Remo North', 28, 1, '2017-10-06 09:45:59', NULL, '0000-00-00 00:00:00', 0),
(555, 'Shagamu', 28, 1, '2017-10-06 09:45:59', NULL, '0000-00-00 00:00:00', 0),
(556, 'Akoko North-West', 29, 1, '2017-10-06 09:45:59', NULL, '0000-00-00 00:00:00', 0),
(557, 'Akoko South-West', 29, 1, '2017-10-06 09:45:59', NULL, '0000-00-00 00:00:00', 0),
(558, 'Akoko South-East', 29, 1, '2017-10-06 09:45:59', NULL, '0000-00-00 00:00:00', 0),
(559, 'Akure North', 29, 1, '2017-10-06 09:45:59', NULL, '0000-00-00 00:00:00', 0),
(560, 'Akure South', 29, 1, '2017-10-06 09:45:59', NULL, '0000-00-00 00:00:00', 0),
(561, 'Ese Odo', 29, 1, '2017-10-06 09:45:59', NULL, '0000-00-00 00:00:00', 0),
(562, 'Idanre', 29, 1, '2017-10-06 09:45:59', NULL, '0000-00-00 00:00:00', 0),
(563, 'Ifedore', 29, 1, '2017-10-06 09:45:59', NULL, '0000-00-00 00:00:00', 0),
(564, 'Ilaje', 29, 1, '2017-10-06 09:45:59', NULL, '0000-00-00 00:00:00', 0),
(565, 'Ile Oluji/Okeigbo', 29, 1, '2017-10-06 09:45:59', NULL, '0000-00-00 00:00:00', 0),
(566, 'Irele', 29, 1, '2017-10-06 09:45:59', NULL, '0000-00-00 00:00:00', 0),
(567, 'Odigbo', 29, 1, '2017-10-06 09:45:59', NULL, '0000-00-00 00:00:00', 0),
(568, 'Okitipupa', 29, 1, '2017-10-06 09:45:59', NULL, '0000-00-00 00:00:00', 0),
(569, 'Ondo East', 29, 1, '2017-10-06 09:45:59', NULL, '0000-00-00 00:00:00', 0),
(570, 'Ondo West', 29, 1, '2017-10-06 09:45:59', NULL, '0000-00-00 00:00:00', 0),
(571, 'Ose', 29, 1, '2017-10-06 09:45:59', NULL, '0000-00-00 00:00:00', 0),
(572, 'Owo', 29, 1, '2017-10-06 09:45:59', NULL, '0000-00-00 00:00:00', 0),
(573, 'Atakunmosa West', 30, 1, '2017-10-06 09:45:59', NULL, '0000-00-00 00:00:00', 0),
(574, 'Aiyedaade', 30, 1, '2017-10-06 09:45:59', NULL, '0000-00-00 00:00:00', 0),
(575, 'Aiyedire', 30, 1, '2017-10-06 09:45:59', NULL, '0000-00-00 00:00:00', 0),
(576, 'Boluwaduro', 30, 1, '2017-10-06 09:45:59', NULL, '0000-00-00 00:00:00', 0),
(577, 'Boripe', 30, 1, '2017-10-06 09:45:59', NULL, '0000-00-00 00:00:00', 0),
(578, 'Ede North', 30, 1, '2017-10-06 09:45:59', NULL, '0000-00-00 00:00:00', 0),
(579, 'Ede South', 30, 1, '2017-10-06 09:45:59', NULL, '0000-00-00 00:00:00', 0),
(580, 'Ife Central', 30, 1, '2017-10-06 09:45:59', NULL, '0000-00-00 00:00:00', 0),
(581, 'Ife East', 30, 1, '2017-10-06 09:45:59', NULL, '0000-00-00 00:00:00', 0),
(582, 'Ife North', 30, 1, '2017-10-06 09:45:59', NULL, '0000-00-00 00:00:00', 0),
(583, 'Ife South', 30, 1, '2017-10-06 09:45:59', NULL, '0000-00-00 00:00:00', 0),
(584, 'Egbedore', 30, 1, '2017-10-06 09:45:59', NULL, '0000-00-00 00:00:00', 0),
(585, 'Ejigbo', 30, 1, '2017-10-06 09:45:59', NULL, '0000-00-00 00:00:00', 0),
(586, 'Ifedayo', 30, 1, '2017-10-06 09:45:59', NULL, '0000-00-00 00:00:00', 0),
(587, 'Ifelodun', 30, 1, '2017-10-06 09:45:59', NULL, '0000-00-00 00:00:00', 0),
(588, 'Ila', 30, 1, '2017-10-06 09:45:59', NULL, '0000-00-00 00:00:00', 0),
(589, 'Ilesa East', 30, 1, '2017-10-06 09:45:59', NULL, '0000-00-00 00:00:00', 0),
(590, 'Ilesa West', 30, 1, '2017-10-06 09:45:59', NULL, '0000-00-00 00:00:00', 0),
(591, 'Irepodun', 30, 1, '2017-10-06 09:45:59', NULL, '0000-00-00 00:00:00', 0),
(592, 'Irewole', 30, 1, '2017-10-06 09:45:59', NULL, '0000-00-00 00:00:00', 0),
(593, 'Isokan', 30, 1, '2017-10-06 09:45:59', NULL, '0000-00-00 00:00:00', 0),
(594, 'Iwo', 30, 1, '2017-10-06 09:45:59', NULL, '0000-00-00 00:00:00', 0),
(595, 'Obokun', 30, 1, '2017-10-06 09:45:59', NULL, '0000-00-00 00:00:00', 0),
(596, 'Odo Otin', 30, 1, '2017-10-06 09:45:59', NULL, '0000-00-00 00:00:00', 0),
(597, 'Ola Oluwa', 30, 1, '2017-10-06 09:45:59', NULL, '0000-00-00 00:00:00', 0),
(598, 'Olorunda', 30, 1, '2017-10-06 09:45:59', NULL, '0000-00-00 00:00:00', 0),
(599, 'Oriade', 30, 1, '2017-10-06 09:45:59', NULL, '0000-00-00 00:00:00', 0),
(600, 'Orolu', 30, 1, '2017-10-06 09:45:59', NULL, '0000-00-00 00:00:00', 0),
(601, 'Osogbo', 30, 1, '2017-10-06 09:45:59', NULL, '0000-00-00 00:00:00', 0),
(602, 'Akinyele', 31, 1, '2017-10-06 09:45:59', NULL, '0000-00-00 00:00:00', 0),
(603, 'Atiba', 31, 1, '2017-10-06 09:45:59', NULL, '0000-00-00 00:00:00', 0),
(604, 'Atisbo', 31, 1, '2017-10-06 09:45:59', NULL, '0000-00-00 00:00:00', 0),
(605, 'Egbeda', 31, 1, '2017-10-06 09:45:59', NULL, '0000-00-00 00:00:00', 0),
(606, 'Ibadan North', 31, 1, '2017-10-06 09:45:59', NULL, '0000-00-00 00:00:00', 0),
(607, 'Ibadan North-East', 31, 1, '2017-10-06 09:45:59', NULL, '0000-00-00 00:00:00', 0),
(608, 'Ibadan North-West', 31, 1, '2017-10-06 09:45:59', NULL, '0000-00-00 00:00:00', 0),
(609, 'Ibadan South-East', 31, 1, '2017-10-06 09:45:59', NULL, '0000-00-00 00:00:00', 0),
(610, 'Ibadan South-West', 31, 1, '2017-10-06 09:45:59', NULL, '0000-00-00 00:00:00', 0),
(611, 'Ibarapa Central', 31, 1, '2017-10-06 09:45:59', NULL, '0000-00-00 00:00:00', 0),
(612, 'Ibarapa East', 31, 1, '2017-10-06 09:45:59', NULL, '0000-00-00 00:00:00', 0),
(613, 'Ibarapa North', 31, 1, '2017-10-06 09:45:59', NULL, '0000-00-00 00:00:00', 0),
(614, 'Ido', 31, 1, '2017-10-06 09:45:59', NULL, '0000-00-00 00:00:00', 0),
(615, 'Irepo', 31, 1, '2017-10-06 09:45:59', NULL, '0000-00-00 00:00:00', 0),
(616, 'Iseyin', 31, 1, '2017-10-06 09:45:59', NULL, '0000-00-00 00:00:00', 0),
(617, 'Itesiwaju', 31, 1, '2017-10-06 09:45:59', NULL, '0000-00-00 00:00:00', 0),
(618, 'Iwajowa', 31, 1, '2017-10-06 09:45:59', NULL, '0000-00-00 00:00:00', 0),
(619, 'Kajola', 31, 1, '2017-10-06 09:45:59', NULL, '0000-00-00 00:00:00', 0),
(620, 'Lagelu', 31, 1, '2017-10-06 09:45:59', NULL, '0000-00-00 00:00:00', 0),
(621, 'Ogbomosho North', 31, 1, '2017-10-06 09:45:59', NULL, '0000-00-00 00:00:00', 0),
(622, 'Ogbomosho South', 31, 1, '2017-10-06 09:45:59', NULL, '0000-00-00 00:00:00', 0),
(623, 'Ogo Oluwa', 31, 1, '2017-10-06 09:45:59', NULL, '0000-00-00 00:00:00', 0),
(624, 'Olorunsogo', 31, 1, '2017-10-06 09:45:59', NULL, '0000-00-00 00:00:00', 0),
(625, 'Oluyole', 31, 1, '2017-10-06 09:45:59', NULL, '0000-00-00 00:00:00', 0),
(626, 'Ona Ara', 31, 1, '2017-10-06 09:45:59', NULL, '0000-00-00 00:00:00', 0),
(627, 'Orelope', 31, 1, '2017-10-06 09:45:59', NULL, '0000-00-00 00:00:00', 0),
(628, 'Ori Ire', 31, 1, '2017-10-06 09:45:59', NULL, '0000-00-00 00:00:00', 0),
(629, 'Oyo', 31, 1, '2017-10-06 09:45:59', NULL, '0000-00-00 00:00:00', 0),
(630, 'Oyo East', 31, 1, '2017-10-06 09:45:59', NULL, '0000-00-00 00:00:00', 0),
(631, 'Saki East', 31, 1, '2017-10-06 09:45:59', NULL, '0000-00-00 00:00:00', 0),
(632, 'Saki West', 31, 1, '2017-10-06 09:45:59', NULL, '0000-00-00 00:00:00', 0),
(633, 'Surulere', 31, 1, '2017-10-06 09:45:59', NULL, '0000-00-00 00:00:00', 0),
(634, 'Barkin Ladi', 32, 1, '2017-10-06 09:45:59', NULL, '0000-00-00 00:00:00', 0),
(635, 'Bassa', 32, 1, '2017-10-06 09:45:59', NULL, '0000-00-00 00:00:00', 0),
(636, 'Jos East', 32, 1, '2017-10-06 09:45:59', NULL, '0000-00-00 00:00:00', 0),
(637, 'Jos North', 32, 1, '2017-10-06 09:45:59', NULL, '0000-00-00 00:00:00', 0);
INSERT INTO `state_cities` (`id`, `cityname`, `stateid`, `status`, `createdat`, `updatedat`, `deletedat`, `isdeleted`) VALUES
(638, 'Jos South', 32, 1, '2017-10-06 09:45:59', NULL, '0000-00-00 00:00:00', 0),
(639, 'Kanam', 32, 1, '2017-10-06 09:45:59', NULL, '0000-00-00 00:00:00', 0),
(640, 'Kanke', 32, 1, '2017-10-06 09:45:59', NULL, '0000-00-00 00:00:00', 0),
(641, 'Langtang South', 32, 1, '2017-10-06 09:45:59', NULL, '0000-00-00 00:00:00', 0),
(642, 'Langtang North', 32, 1, '2017-10-06 09:45:59', NULL, '0000-00-00 00:00:00', 0),
(643, 'Mangu', 32, 1, '2017-10-06 09:45:59', NULL, '0000-00-00 00:00:00', 0),
(644, 'Mikang', 32, 1, '2017-10-06 09:45:59', NULL, '0000-00-00 00:00:00', 0),
(645, 'Pankshin', 32, 1, '2017-10-06 09:45:59', NULL, '0000-00-00 00:00:00', 0),
(646, 'Qua\'an Pan', 32, 1, '2017-10-06 09:45:59', NULL, '0000-00-00 00:00:00', 0),
(647, 'Riyom', 32, 1, '2017-10-06 09:45:59', NULL, '0000-00-00 00:00:00', 0),
(648, 'Shendam', 32, 1, '2017-10-06 09:45:59', NULL, '0000-00-00 00:00:00', 0),
(649, 'Wase', 32, 1, '2017-10-06 09:45:59', NULL, '0000-00-00 00:00:00', 0),
(650, 'Ahoada East', 33, 1, '2017-10-06 09:45:59', NULL, '0000-00-00 00:00:00', 0),
(651, 'Ahoada West', 33, 1, '2017-10-06 09:45:59', NULL, '0000-00-00 00:00:00', 0),
(652, 'Akuku-Toru', 33, 1, '2017-10-06 09:45:59', NULL, '0000-00-00 00:00:00', 0),
(653, 'Andoni', 33, 1, '2017-10-06 09:45:59', NULL, '0000-00-00 00:00:00', 0),
(654, 'Asari-Toru', 33, 1, '2017-10-06 09:45:59', NULL, '0000-00-00 00:00:00', 0),
(655, 'Bonny', 33, 1, '2017-10-06 09:45:59', NULL, '0000-00-00 00:00:00', 0),
(656, 'Degema', 33, 1, '2017-10-06 09:45:59', NULL, '0000-00-00 00:00:00', 0),
(657, 'Eleme', 33, 1, '2017-10-06 09:45:59', NULL, '0000-00-00 00:00:00', 0),
(658, 'Emuoha', 33, 1, '2017-10-06 09:45:59', NULL, '0000-00-00 00:00:00', 0),
(659, 'Etche', 33, 1, '2017-10-06 09:45:59', NULL, '0000-00-00 00:00:00', 0),
(660, 'Gokana', 33, 1, '2017-10-06 09:45:59', NULL, '0000-00-00 00:00:00', 0),
(661, 'Ikwerre', 33, 1, '2017-10-06 09:45:59', NULL, '0000-00-00 00:00:00', 0),
(662, 'Khana', 33, 1, '2017-10-06 09:45:59', NULL, '0000-00-00 00:00:00', 0),
(663, 'Obio/Akpor', 33, 1, '2017-10-06 09:45:59', NULL, '0000-00-00 00:00:00', 0),
(664, 'Ogba/Egbema/Ndoni', 33, 1, '2017-10-06 09:45:59', NULL, '0000-00-00 00:00:00', 0),
(665, 'Ogu/Bolo', 33, 1, '2017-10-06 09:45:59', NULL, '0000-00-00 00:00:00', 0),
(666, 'Okrika', 33, 1, '2017-10-06 09:45:59', NULL, '0000-00-00 00:00:00', 0),
(667, 'Omuma', 33, 1, '2017-10-06 09:45:59', NULL, '0000-00-00 00:00:00', 0),
(668, 'Opobo/Nkoro', 33, 1, '2017-10-06 09:45:59', NULL, '0000-00-00 00:00:00', 0),
(669, 'Oyigbo', 33, 1, '2017-10-06 09:45:59', NULL, '0000-00-00 00:00:00', 0),
(670, 'Port Harcourt', 33, 1, '2017-10-06 09:45:59', NULL, '0000-00-00 00:00:00', 0),
(671, 'Tai', 33, 1, '2017-10-06 09:45:59', NULL, '0000-00-00 00:00:00', 0),
(672, 'Bodinga', 34, 1, '2017-10-06 09:45:59', NULL, '0000-00-00 00:00:00', 0),
(673, 'Dange Shuni', 34, 1, '2017-10-06 09:45:59', NULL, '0000-00-00 00:00:00', 0),
(674, 'Gada', 34, 1, '2017-10-06 09:45:59', NULL, '0000-00-00 00:00:00', 0),
(675, 'Goronyo', 34, 1, '2017-10-06 09:45:59', NULL, '0000-00-00 00:00:00', 0),
(676, 'Gudu', 34, 1, '2017-10-06 09:45:59', NULL, '0000-00-00 00:00:00', 0),
(677, 'Gwadabawa', 34, 1, '2017-10-06 09:45:59', NULL, '0000-00-00 00:00:00', 0),
(678, 'Illela', 34, 1, '2017-10-06 09:45:59', NULL, '0000-00-00 00:00:00', 0),
(679, 'Isa', 34, 1, '2017-10-06 09:45:59', NULL, '0000-00-00 00:00:00', 0),
(680, 'Kebbe', 34, 1, '2017-10-06 09:45:59', NULL, '0000-00-00 00:00:00', 0),
(681, 'Kware', 34, 1, '2017-10-06 09:45:59', NULL, '0000-00-00 00:00:00', 0),
(682, 'Rabah', 34, 1, '2017-10-06 09:45:59', NULL, '0000-00-00 00:00:00', 0),
(683, 'Sabon Birni', 34, 1, '2017-10-06 09:45:59', NULL, '0000-00-00 00:00:00', 0),
(684, 'Shagari', 34, 1, '2017-10-06 09:45:59', NULL, '0000-00-00 00:00:00', 0),
(685, 'Silame', 34, 1, '2017-10-06 09:45:59', NULL, '0000-00-00 00:00:00', 0),
(686, 'Sokoto North', 34, 1, '2017-10-06 09:45:59', NULL, '0000-00-00 00:00:00', 0),
(687, 'Sokoto South', 34, 1, '2017-10-06 09:45:59', NULL, '0000-00-00 00:00:00', 0),
(688, 'Tambuwal', 34, 1, '2017-10-06 09:45:59', NULL, '0000-00-00 00:00:00', 0),
(689, 'Tangaza', 34, 1, '2017-10-06 09:45:59', NULL, '0000-00-00 00:00:00', 0),
(690, 'Tureta', 34, 1, '2017-10-06 09:45:59', NULL, '0000-00-00 00:00:00', 0),
(691, 'Wamako', 34, 1, '2017-10-06 09:45:59', NULL, '0000-00-00 00:00:00', 0),
(692, 'Wurno', 34, 1, '2017-10-06 09:45:59', NULL, '0000-00-00 00:00:00', 0),
(693, 'Yabo', 34, 1, '2017-10-06 09:45:59', NULL, '0000-00-00 00:00:00', 0),
(694, 'Bali', 35, 1, '2017-10-06 09:45:59', NULL, '0000-00-00 00:00:00', 0),
(695, 'Donga', 35, 1, '2017-10-06 09:45:59', NULL, '0000-00-00 00:00:00', 0),
(696, 'Gashaka', 35, 1, '2017-10-06 09:45:59', NULL, '0000-00-00 00:00:00', 0),
(697, 'Gassol', 35, 1, '2017-10-06 09:45:59', NULL, '0000-00-00 00:00:00', 0),
(698, 'Ibi', 35, 1, '2017-10-06 09:45:59', NULL, '0000-00-00 00:00:00', 0),
(699, 'Jalingo', 35, 1, '2017-10-06 09:45:59', NULL, '0000-00-00 00:00:00', 0),
(700, 'Karim Lamido', 35, 1, '2017-10-06 09:45:59', NULL, '0000-00-00 00:00:00', 0),
(701, 'Kumi', 35, 1, '2017-10-06 09:45:59', NULL, '0000-00-00 00:00:00', 0),
(702, 'Lau', 35, 1, '2017-10-06 09:45:59', NULL, '0000-00-00 00:00:00', 0),
(703, 'Sardauna', 35, 1, '2017-10-06 09:45:59', NULL, '0000-00-00 00:00:00', 0),
(704, 'Takum', 35, 1, '2017-10-06 09:45:59', NULL, '0000-00-00 00:00:00', 0),
(705, 'Ussa', 35, 1, '2017-10-06 09:45:59', NULL, '0000-00-00 00:00:00', 0),
(706, 'Wukari', 35, 1, '2017-10-06 09:45:59', NULL, '0000-00-00 00:00:00', 0),
(707, 'Yorro', 35, 1, '2017-10-06 09:45:59', NULL, '0000-00-00 00:00:00', 0),
(708, 'Zing', 35, 1, '2017-10-06 09:45:59', NULL, '0000-00-00 00:00:00', 0),
(709, 'Bursari', 36, 1, '2017-10-06 09:45:59', NULL, '0000-00-00 00:00:00', 0),
(710, 'Damaturu', 36, 1, '2017-10-06 09:45:59', NULL, '0000-00-00 00:00:00', 0),
(711, 'Fika', 36, 1, '2017-10-06 09:45:59', NULL, '0000-00-00 00:00:00', 0),
(712, 'Fune', 36, 1, '2017-10-06 09:45:59', NULL, '0000-00-00 00:00:00', 0),
(713, 'Geidam', 36, 1, '2017-10-06 09:45:59', NULL, '0000-00-00 00:00:00', 0),
(714, 'Gujba', 36, 1, '2017-10-06 09:45:59', NULL, '0000-00-00 00:00:00', 0),
(715, 'Gulani', 36, 1, '2017-10-06 09:45:59', NULL, '0000-00-00 00:00:00', 0),
(716, 'Jakusko', 36, 1, '2017-10-06 09:45:59', NULL, '0000-00-00 00:00:00', 0),
(717, 'Karasuwa', 36, 1, '2017-10-06 09:45:59', NULL, '0000-00-00 00:00:00', 0),
(718, 'Machina', 36, 1, '2017-10-06 09:45:59', NULL, '0000-00-00 00:00:00', 0),
(719, 'Nangere', 36, 1, '2017-10-06 09:45:59', NULL, '0000-00-00 00:00:00', 0),
(720, 'Nguru', 36, 1, '2017-10-06 09:45:59', NULL, '0000-00-00 00:00:00', 0),
(721, 'Potiskum', 36, 1, '2017-10-06 09:45:59', NULL, '0000-00-00 00:00:00', 0),
(722, 'Tarmuwa', 36, 1, '2017-10-06 09:45:59', NULL, '0000-00-00 00:00:00', 0),
(723, 'Yunusari', 36, 1, '2017-10-06 09:45:59', NULL, '0000-00-00 00:00:00', 0),
(724, 'Yusufari', 36, 1, '2017-10-06 09:45:59', NULL, '0000-00-00 00:00:00', 0),
(725, 'Bakura', 37, 1, '2017-10-06 09:45:59', NULL, '0000-00-00 00:00:00', 0),
(726, 'Birnin Magaji/Kiyaw', 37, 1, '2017-10-06 09:45:59', NULL, '0000-00-00 00:00:00', 0),
(727, 'Bukkuyum', 37, 1, '2017-10-06 09:45:59', NULL, '0000-00-00 00:00:00', 0),
(728, 'Bungudu', 37, 1, '2017-10-06 09:45:59', NULL, '0000-00-00 00:00:00', 0),
(729, 'Gummi', 37, 1, '2017-10-06 09:45:59', NULL, '0000-00-00 00:00:00', 0),
(730, 'Gusau', 37, 1, '2017-10-06 09:45:59', NULL, '0000-00-00 00:00:00', 0),
(731, 'Kaura Namoda', 37, 1, '2017-10-06 09:45:59', NULL, '0000-00-00 00:00:00', 0),
(732, 'Maradun', 37, 1, '2017-10-06 09:45:59', NULL, '0000-00-00 00:00:00', 0),
(733, 'Maru', 37, 1, '2017-10-06 09:45:59', NULL, '0000-00-00 00:00:00', 0),
(734, 'Shinkafi', 37, 1, '2017-10-06 09:45:59', NULL, '0000-00-00 00:00:00', 0),
(735, 'Talata Mafara', 37, 1, '2017-10-06 09:45:59', NULL, '0000-00-00 00:00:00', 0),
(736, 'Chafe', 37, 1, '2017-10-06 09:45:59', NULL, '0000-00-00 00:00:00', 0),
(737, 'Zurmi', 37, 1, '2017-10-06 09:45:59', NULL, '0000-00-00 00:00:00', 0),
(738, 'Agege', 25, 1, '2017-10-06 09:45:59', NULL, '0000-00-00 00:00:00', 0);

-- --------------------------------------------------------

--
-- Table structure for table `tbl_adminusers`
--

CREATE TABLE `tbl_adminusers` (
  `id` int(11) NOT NULL,
  `userroleid` int(11) NOT NULL,
  `firstname` varchar(255) NOT NULL,
  `lastname` varchar(255) NOT NULL,
  `email` varchar(255) NOT NULL,
  `phone` varchar(255) NOT NULL,
  `password` varchar(255) NOT NULL,
  `status` tinyint(4) NOT NULL DEFAULT '1',
  `createdat` timestamp NOT NULL DEFAULT CURRENT_TIMESTAMP,
  `updatedat` timestamp NULL DEFAULT NULL ON UPDATE CURRENT_TIMESTAMP,
  `deletedat` timestamp NULL DEFAULT NULL,
  `isdeleted` tinyint(4) NOT NULL
) ENGINE=InnoDB DEFAULT CHARSET=latin1;

--
-- Dumping data for table `tbl_adminusers`
--

INSERT INTO `tbl_adminusers` (`id`, `userroleid`, `firstname`, `lastname`, `email`, `phone`, `password`, `status`, `createdat`, `updatedat`, `deletedat`, `isdeleted`) VALUES
(1, 1, 'admin', 'admin', 'admin@admin.com', '808080', '$2y$10$YLAfK4oyenDHoe96q6Qs9Olxdv6oXW52dGpMXHTaxdJl/g59lPHJ6', 1, '2019-03-16 03:09:29', '2020-03-03 00:24:39', NULL, 0),
(2, 2, 'land', 'lord', 'landlord@landlord.com', '08080202922', '$2y$10$YLAfK4oyenDHoe96q6Qs9Olxdv6oXW52dGpMXHTaxdJl/g59lPHJ6', 1, '2020-03-03 00:25:19', '2020-03-04 15:16:37', NULL, 0),
(3, 3, 'Agent', 'Z', 'agent@agent.com', '017257199', '$2y$10$YLAfK4oyenDHoe96q6Qs9Olxdv6oXW52dGpMXHTaxdJl/g59lPHJ6', 1, '2020-03-03 00:26:05', '2020-03-03 00:26:20', NULL, 0),
(4, 4, 'Tolu', 'TY', 'user@user.com', '054659809', '$2y$10$xz9ODPTFHJwM3SSarDzd5uB3CrZ3087qmFTHkDMjRCEhztQLa550O', 1, '2020-03-05 14:12:00', NULL, NULL, 0),
(5, 4, 'user 2', 'two', 'user2@user.com', '054659809', '$2y$10$R0oyYk9cdNdR5uTdpXM19.f8YzE8TJRPaN2ytahp6k/aw9jXsebwW', 1, '2020-03-05 15:47:26', NULL, NULL, 0),
(6, 4, 'Stephen', 'Stephen', 'user3@user.com', '054659809', '$2y$10$kqpJYhpuNUHCEfANUWe3j.h8xgD2Jt/ULHnvrW0STZu5G52/.ByP6', 1, '2020-03-05 15:47:54', NULL, NULL, 0);

-- --------------------------------------------------------

--
-- Table structure for table `tbl_comment`
--

CREATE TABLE `tbl_comment` (
  `id` int(11) NOT NULL,
  `propertyid` int(11) NOT NULL,
  `name` varchar(255) DEFAULT NULL,
  `email` varchar(255) DEFAULT NULL,
  `comment` text,
  `admin_read` tinyint(4) DEFAULT '0',
  `status` tinyint(4) DEFAULT '0',
  `createdat` timestamp NOT NULL DEFAULT CURRENT_TIMESTAMP,
  `updatedat` timestamp NULL DEFAULT NULL ON UPDATE CURRENT_TIMESTAMP,
  `deletedat` timestamp NULL DEFAULT NULL,
  `isdeleted` tinyint(4) DEFAULT '0'
) ENGINE=InnoDB DEFAULT CHARSET=latin1;

--
-- Dumping data for table `tbl_comment`
--

INSERT INTO `tbl_comment` (`id`, `propertyid`, `name`, `email`, `comment`, `admin_read`, `status`, `createdat`, `updatedat`, `deletedat`, `isdeleted`) VALUES
(2, 1, 'Stephen Stephen', 'pncbanking@yahoo.com', 'How can i get the landlord info', 0, 1, '2020-03-06 12:27:19', '2020-03-06 12:27:32', NULL, 0);

-- --------------------------------------------------------

--
-- Table structure for table `tbl_gallary`
--

CREATE TABLE `tbl_gallary` (
  `id` int(11) NOT NULL,
  `propertyid` int(11) NOT NULL,
  `name` varchar(255) NOT NULL,
  `order_set` int(11) NOT NULL DEFAULT '100',
  `status` tinyint(4) NOT NULL DEFAULT '1',
  `createdat` timestamp NOT NULL DEFAULT CURRENT_TIMESTAMP,
  `updatedat` timestamp NULL DEFAULT NULL ON UPDATE CURRENT_TIMESTAMP,
  `deletedat` timestamp NULL DEFAULT NULL,
  `isdeleted` tinyint(4) NOT NULL
) ENGINE=InnoDB DEFAULT CHARSET=latin1;

--
-- Dumping data for table `tbl_gallary`
--

INSERT INTO `tbl_gallary` (`id`, `propertyid`, `name`, `order_set`, `status`, `createdat`, `updatedat`, `deletedat`, `isdeleted`) VALUES
(1, 1, '1.jpg', 10, 1, '2020-03-03 00:22:16', '2020-03-03 13:57:52', NULL, 0),
(2, 1, '1_2.jpg', 100, 1, '2020-03-03 00:22:25', '2020-03-03 00:22:30', NULL, 0),
(3, 1, '1_3.jpg', 100, 1, '2020-03-03 00:22:45', NULL, NULL, 0),
(5, 2, '8CuA6MXa9hK4W3B.jpeg', 100, 1, '2020-03-03 15:47:57', NULL, NULL, 0),
(6, 2, 'hQfTD3u2vRuHDw3.jpeg', 100, 1, '2020-03-03 15:48:07', NULL, NULL, 0),
(7, 2, 'PfBD67GS98AmByd.jpeg', 1, 1, '2020-03-03 15:48:17', '2020-03-03 15:52:49', NULL, 0),
(8, 2, 'pmc7ygG7Sy9W8hN.jpg', 100, 1, '2020-03-03 15:50:43', NULL, NULL, 0);

-- --------------------------------------------------------

--
-- Table structure for table `tbl_payment`
--

CREATE TABLE `tbl_payment` (
  `id` int(11) NOT NULL,
  `propertyid` int(11) NOT NULL,
  `userid` int(11) NOT NULL,
  `customername` varchar(255) NOT NULL,
  `email` varchar(255) NOT NULL,
  `phone` varchar(255) NOT NULL,
  `payment` tinyint(4) NOT NULL DEFAULT '0',
  `status` tinyint(4) NOT NULL DEFAULT '1',
  `createdat` timestamp NOT NULL DEFAULT CURRENT_TIMESTAMP,
  `updatedat` timestamp NULL DEFAULT NULL ON UPDATE CURRENT_TIMESTAMP,
  `deletedat` timestamp NULL DEFAULT NULL,
  `isdeleted` tinyint(4) NOT NULL
) ENGINE=InnoDB DEFAULT CHARSET=latin1;

--
-- Dumping data for table `tbl_payment`
--

INSERT INTO `tbl_payment` (`id`, `propertyid`, `userid`, `customername`, `email`, `phone`, `payment`, `status`, `createdat`, `updatedat`, `deletedat`, `isdeleted`) VALUES
(1, 2, 4, 'tolani TY', 'user@user.com', '087785648', 0, 1, '2019-05-15 14:13:09', '2020-03-05 15:43:02', NULL, 0),
(2, 2, 5, 'Ade GOLD', 'adegold@inits.com', '080947552374', 0, 1, '2020-03-04 14:50:31', '2020-03-05 15:43:06', NULL, 0),
(3, 2, 6, 'admin admin', 'admin@admin.com', '808080', 0, 1, '2020-03-05 15:29:48', '2020-03-05 15:51:31', NULL, 0),
(4, 1, 5, 'user 2 two', 'user2@user.com', '054659809', 0, 1, '2020-03-05 15:48:47', NULL, NULL, 0),
(5, 1, 6, 'Stephen Stephen', 'user3@user.com', '054659809', 2, 1, '2020-03-05 15:50:56', '2020-03-05 15:59:44', NULL, 0),
(6, 1, 4, 'Tolu TY', 'user@user.com', '054659809', 0, 1, '2020-03-05 23:06:00', NULL, NULL, 0);

-- --------------------------------------------------------

--
-- Table structure for table `tbl_property`
--

CREATE TABLE `tbl_property` (
  `id` int(11) NOT NULL,
  `adminuserid` int(11) DEFAULT NULL,
  `landlorduserid` int(11) DEFAULT NULL,
  `slug` varchar(255) DEFAULT NULL,
  `name` varchar(255) DEFAULT NULL,
  `description` text,
  `type` varchar(255) DEFAULT NULL,
  `bedroom` varchar(255) DEFAULT NULL,
  `bathroom` varchar(255) DEFAULT NULL,
  `toilet` varchar(255) DEFAULT NULL,
  `price` float DEFAULT NULL,
  `address` text,
  `stateid` int(11) NOT NULL,
  `cityid` int(11) NOT NULL,
  `status` tinyint(4) NOT NULL DEFAULT '1',
  `createdat` timestamp NOT NULL DEFAULT CURRENT_TIMESTAMP,
  `updatedat` timestamp NULL DEFAULT NULL ON UPDATE CURRENT_TIMESTAMP,
  `deletedat` timestamp NULL DEFAULT NULL,
  `isdeleted` tinyint(4) NOT NULL
) ENGINE=InnoDB DEFAULT CHARSET=latin1;

--
-- Dumping data for table `tbl_property`
--

INSERT INTO `tbl_property` (`id`, `adminuserid`, `landlorduserid`, `slug`, `name`, `description`, `type`, `bedroom`, `bathroom`, `toilet`, `price`, `address`, `stateid`, `cityid`, `status`, `createdat`, `updatedat`, `deletedat`, `isdeleted`) VALUES
(1, 2, 2, 'Executive-Room-Self-Contain-Lekki-Phase1', 'Executive Room Self Contain Lekki Phase1', 'Room self contain on for 800k, service charge 30+\r\nservice charge 300k\r\noff chief colin\'s', 'Mini Flat', '1', '1', '1', 300000, 'off CHIEF COLLINS LEKKI PHASE1', 25, 488, 1, '2020-03-03 00:18:01', '2020-03-04 09:03:30', NULL, 0),
(2, 3, 2, '2-bedroom-flat-apartment-to-let', '2 bedroom flat for rent', 'ust a single in a compound 2 bedroom flat apartment to let at renecon road along bayeku road ikorodu with below features\r\n-tiled\r\n-painted\r\n-pop ceilling\r\n-wardrope\r\n-regular power supply\r\n-good neighborhood\r\nEtc\r\n', 'House', '2', '3', '3', 200000, 'Renecon Road, Igbogbo', 25, 482, 1, '2020-03-03 15:08:37', '2020-03-04 15:12:17', NULL, 0);

-- --------------------------------------------------------

--
-- Table structure for table `tbl_role`
--

CREATE TABLE `tbl_role` (
  `id` int(11) NOT NULL,
  `rolename` varchar(255) NOT NULL,
  `status` tinyint(4) NOT NULL DEFAULT '1',
  `createat` timestamp NOT NULL DEFAULT CURRENT_TIMESTAMP,
  `updateat` timestamp NOT NULL DEFAULT CURRENT_TIMESTAMP ON UPDATE CURRENT_TIMESTAMP,
  `deleteat` timestamp NULL DEFAULT NULL,
  `isdeleted` tinyint(4) NOT NULL
) ENGINE=InnoDB DEFAULT CHARSET=latin1;

--
-- Dumping data for table `tbl_role`
--

INSERT INTO `tbl_role` (`id`, `rolename`, `status`, `createat`, `updateat`, `deleteat`, `isdeleted`) VALUES
(1, 'Super Administrator', 1, '2019-03-16 02:58:11', '2019-03-16 03:08:39', NULL, 0),
(2, 'Landlord', 1, '2019-03-16 03:00:48', '2020-03-02 23:39:03', NULL, 0),
(3, 'Agent', 1, '2019-03-20 01:46:45', '2020-03-03 00:27:04', NULL, 0),
(4, 'User', 1, '2020-03-05 14:06:01', '2020-03-05 14:06:01', NULL, 0);

--
-- Indexes for dumped tables
--

--
-- Indexes for table `states`
--
ALTER TABLE `states`
  ADD PRIMARY KEY (`id`);

--
-- Indexes for table `state_cities`
--
ALTER TABLE `state_cities`
  ADD PRIMARY KEY (`id`),
  ADD KEY `state_cities_ibfk_state` (`stateid`);

--
-- Indexes for table `tbl_adminusers`
--
ALTER TABLE `tbl_adminusers`
  ADD PRIMARY KEY (`id`);

--
-- Indexes for table `tbl_comment`
--
ALTER TABLE `tbl_comment`
  ADD PRIMARY KEY (`id`);

--
-- Indexes for table `tbl_gallary`
--
ALTER TABLE `tbl_gallary`
  ADD PRIMARY KEY (`id`);

--
-- Indexes for table `tbl_payment`
--
ALTER TABLE `tbl_payment`
  ADD PRIMARY KEY (`id`);

--
-- Indexes for table `tbl_property`
--
ALTER TABLE `tbl_property`
  ADD PRIMARY KEY (`id`);

--
-- Indexes for table `tbl_role`
--
ALTER TABLE `tbl_role`
  ADD PRIMARY KEY (`id`);

--
-- AUTO_INCREMENT for dumped tables
--

--
-- AUTO_INCREMENT for table `states`
--
ALTER TABLE `states`
  MODIFY `id` int(11) NOT NULL AUTO_INCREMENT, AUTO_INCREMENT=38;

--
-- AUTO_INCREMENT for table `state_cities`
--
ALTER TABLE `state_cities`
  MODIFY `id` int(11) NOT NULL AUTO_INCREMENT, AUTO_INCREMENT=739;

--
-- AUTO_INCREMENT for table `tbl_adminusers`
--
ALTER TABLE `tbl_adminusers`
  MODIFY `id` int(11) NOT NULL AUTO_INCREMENT, AUTO_INCREMENT=7;

--
-- AUTO_INCREMENT for table `tbl_comment`
--
ALTER TABLE `tbl_comment`
  MODIFY `id` int(11) NOT NULL AUTO_INCREMENT, AUTO_INCREMENT=3;

--
-- AUTO_INCREMENT for table `tbl_gallary`
--
ALTER TABLE `tbl_gallary`
  MODIFY `id` int(11) NOT NULL AUTO_INCREMENT, AUTO_INCREMENT=9;

--
-- AUTO_INCREMENT for table `tbl_payment`
--
ALTER TABLE `tbl_payment`
  MODIFY `id` int(11) NOT NULL AUTO_INCREMENT, AUTO_INCREMENT=7;

--
-- AUTO_INCREMENT for table `tbl_property`
--
ALTER TABLE `tbl_property`
  MODIFY `id` int(11) NOT NULL AUTO_INCREMENT, AUTO_INCREMENT=3;

--
-- AUTO_INCREMENT for table `tbl_role`
--
ALTER TABLE `tbl_role`
  MODIFY `id` int(11) NOT NULL AUTO_INCREMENT, AUTO_INCREMENT=5;

--
-- Constraints for dumped tables
--

--
-- Constraints for table `state_cities`
--
ALTER TABLE `state_cities`
  ADD CONSTRAINT `state_cities_ibfk_state` FOREIGN KEY (`stateid`) REFERENCES `states` (`id`);
COMMIT;

/*!40101 SET CHARACTER_SET_CLIENT=@OLD_CHARACTER_SET_CLIENT */;
/*!40101 SET CHARACTER_SET_RESULTS=@OLD_CHARACTER_SET_RESULTS */;
/*!40101 SET COLLATION_CONNECTION=@OLD_COLLATION_CONNECTION */;
